ticker_a,ticker_b,asset_class,group,subgroup,candidate_tier,overlap_days,return_corr,passes_pair_filter,n_obs,coint_stat,coint_pvalue,adf_stat,adf_pvalue,hedge_ratio,intercept,half_life_days,spread_mean,spread_std,passes_coint_filter,rank_score
IXJ,IYH,equity,sector,healthcare,same_subgroup,2512,0.9750041251055566,True,2512,-3.8470464550825976,0.011719122550192876,-3.8461405462330567,0.0024689886718520983,0.9057262424112309,0.7876691628593822,43.154650433565884,-6.102832372789635e-08,0.012390677817165852,True,65.0
CEF,GDX,commodity,metals,gold,same_subgroup,2512,0.7595506286957718,True,2512,-3.5178776427026333,0.030843142428364004,-3.5169807506161006,0.007561552758709957,0.8630601185149038,-0.045299309678263455,41.28756933325215,-7.5929484921744e-09,0.07314210385084152,True,313.0
IYR,XLRE,equity,sector,real_estate,same_subgroup,2512,0.9888028794643037,True,2512,-3.7856000889684354,0.01416682170701806,-3.7845976810815167,0.0030688909991462778,0.8106653263023054,1.5423318173819833,75.69837873752564,1.7957323450445983e-07,0.022061781957745552,False,83.0
QUAL,SPHQ,equity,factor,quality,same_subgroup,2512,0.9660460414488187,True,2512,-3.56706742620798,0.026895332131719494,-3.568837249592214,0.006385513738504416,0.9602872430428526,1.1398870707236757,73.4427611023996,9.073573181694883e-08,0.021826153621077538,False,90.0
IXJ,VHT,equity,sector,healthcare,same_subgroup,2512,0.971866283406748,True,2512,-3.2857251308052318,0.05672288589161808,-3.2848291920131953,0.015570379965313134,0.8980957921913517,-0.5101951046197346,61.21180480448859,1.5280808440820692e-07,0.015519902110099792,False,115.0
FENY,IYE,equity,sector,energy,same_subgroup,2512,0.9974507939066972,True,2512,-3.427767862044295,0.039358585527874454,-3.4269776037479653,0.010072873876222462,1.062260564456368,-0.9017758264524476,44.50393537256758,2.0339609818620374e-07,0.009625879116356373,False,119.0
PSLV,SLV,commodity,metals,silver,same_subgroup,2512,0.9762448608920014,True,2512,-3.0816756330209505,0.09204284455488565,-3.087437730382302,0.02749692893980264,0.9384659178007342,-0.7765650740964576,31.13357604252006,7.061441920086509e-08,0.021534476429224014,False,129.0
VFH,XLF,equity,sector,financials,same_subgroup,2512,0.9944418034813333,True,2512,-3.37039138484501,0.0457471537414389,-3.37073771708981,0.011997799915858762,0.9862978023045352,0.9405397115481957,65.60510774594901,-4.51780444166161e-08,0.010836117900907993,False,134.0
IWR,SCHB,equity,us_equity,same_group_corr,same_group_corr,2512,0.959238500421192,True,2512,-3.816077327984074,0.012901358531617509,-3.8152950677727526,0.0027546463822585385,0.7757083709658654,2.0744070498997917,73.28407379353389,-6.92856545470022e-08,0.03193372115492821,False,138.0
SCHR,VGIT,fixed_income,us_bonds,treasury,same_subgroup,2512,0.9877715304378951,True,2512,-7.867821504248762,6.4775751921856e-11,-7.866527422302578,5.117181953159489e-12,1.0011311879543943,-0.8760296133206786,0.8408835046697946,4.0812096813169774e-08,0.00034450239036232233,False,140.0
IWR,IWV,equity,us_equity,same_group_corr,same_group_corr,2512,0.959969873552479,True,2512,-3.701229975542354,0.01825879202363728,-3.700463879232911,0.004106633991623405,0.7837882594351138,-0.0597203287763417,75.30540714413739,7.308212701673256e-08,0.031654827296733856,False,147.0
IJH,MDY,equity,us_equity,mid_blend,same_subgroup,2512,0.9991820278901816,True,2512,-3.4074532725792497,0.04152935893132698,-3.4067160895194006,0.010732040193720153,1.0232289676693123,-2.3629597959502178,14.205857396258248,-1.4445583929045824e-07,0.002010756405070424,False,155.0
IWV,SCHB,equity,us_equity,total_market,same_subgroup,2512,0.9982690378621966,True,2512,-3.6088310262159857,0.02389182260138074,-3.6079387780601357,0.005611056571290339,0.9897904535287645,2.7225725671166963,2.0694801431548497,3.976806794980803e-08,0.0008535286760888994,False,158.0
FDVV,IVE,equity,factor,value__dividend,related_subgroup,2512,0.9579774604404205,True,2512,-3.1600187178008965,0.07687235263614957,-3.1601142303826495,0.022412654208063047,1.1490822594936723,-2.1527674457565453,68.73653774035705,-2.378491075205602e-07,0.026616008952260017,False,167.0
FHLC,IXJ,equity,sector,healthcare,same_subgroup,2512,0.9705713413232078,True,2512,-3.032370920429721,0.10270998385389263,-3.0314722807579346,0.03205799346990371,1.0945707355042065,-0.7033993111671837,65.80341451659739,-1.6438733041468367e-07,0.017998462542891502,False,173.0
PSLV,SIVR,commodity,metals,silver,same_subgroup,2512,0.9757755280296272,True,2512,-2.9512596522207053,0.12225041308482482,-2.9569159201073867,0.03911853332071073,0.9277767925861569,-0.7810010677742953,37.09352225184053,-4.4798394327472124e-08,0.024020036682486534,False,173.0
VNQ,XLRE,equity,sector,real_estate,same_subgroup,2512,0.986088572764672,True,2512,-3.2268523979143624,0.06555081501759909,-3.2268084940033797,0.018484404366957297,0.8107006756222033,1.4780288112720577,84.2770023390332,1.091486296900257e-07,0.026873810216784477,False,188.0
REET,SCHH,equity,sector,real_estate,same_subgroup,2512,0.966032416498329,True,2512,-2.8712126597414094,0.14407433190150842,-2.870682374918777,0.048865000117841895,0.9956146139899658,0.15516219972200318,45.85642913073307,1.7672587659944838e-07,0.02041863091289997,False,191.0
AGG,BND,fixed_income,bonds,broad_bond,same_subgroup,2512,0.9608544167338515,True,2512,-3.2305903942474288,0.06495931784043223,-3.2365161510697944,0.017965920532789212,0.9809663375220303,0.37935232444780453,4.352902042678349,2.7714261108258142e-08,0.0017032220494002104,False,194.0
IJH,SPMD,equity,us_equity,mid_blend,same_subgroup,2512,0.9932098422794048,True,2512,-3.101704059711309,0.08796106392651548,-3.1030515508485523,0.026328182725612336,1.0020450103654346,0.1246939000373839,13.085221347328376,-6.302147426140436e-08,0.004813126754015684,False,195.0
MDY,SPMD,equity,us_equity,mid_blend,same_subgroup,2512,0.9930758126027783,True,2512,-3.0646836591953086,0.09561863402633919,-3.065534493055406,0.029211177354624872,0.9792585988644973,2.4313199033729482,13.43745900015287,-3.919859636880574e-08,0.004943476989865303,False,203.0
CEF,GLD,commodity,metals,gold,same_subgroup,2512,0.908590555813349,True,2512,-3.3169566343692667,0.052447543548641506,-3.3164358331559387,0.014159588214967605,1.0141982525286095,-2.335764107110279,58.091629252839326,-2.0311136950112996e-07,0.0414019450545311,False,209.0
JHMM,SCHB,equity,us_equity,same_group_corr,same_group_corr,2512,0.9495716710212414,True,2512,-3.303770247722531,0.0542193306357888,-3.3029837689236707,0.014745625625967627,0.7855001799462671,1.6615411797723665,79.64079692661367,-1.2813100802588906e-08,0.035323720425367355,False,216.0
BND,BNDX,fixed_income,bonds,broad_bond,same_subgroup,2512,0.7554340700524235,True,2512,-2.8872261392754464,0.1395015633945021,-2.8867121785170444,0.04691515363508983,1.0518391348970306,0.21370641401492207,67.25261421864124,3.7964742460872003e-10,0.016002386808395386,False,218.0
BNDX,BOND,fixed_income,bonds,broad_bond,same_subgroup,2512,0.7500612476362738,True,2512,-2.979156778104498,0.11524341866333188,-2.978403487525525,0.03696105814430198,0.821260068425337,0.17806931496214418,74.11572954199758,-1.5423177046614e-07,0.013488399796187878,False,221.0
IYR,VNQ,equity,sector,real_estate,same_subgroup,2512,0.9959249144744071,True,2512,-3.2097636950838098,0.06831011202312734,-3.2223420437810564,0.018727314925823916,0.9935780902221607,0.09169445722121239,96.11764409001864,1.5793332863722753e-07,0.012064666487276554,False,229.0
CEF,IAU,commodity,metals,gold,same_subgroup,2512,0.9073715286111022,True,2512,-3.2691806201111726,0.05910012745463528,-3.268729653635628,0.01633544990167489,1.0034373122208857,-0.6825310335336354,59.04231767003648,1.791935773098885e-07,0.04235510900616646,False,234.0
CMF,HYMB,fixed_income,municipal,national_muni,same_subgroup,2512,0.6772098849451267,True,2512,-2.7250625676829574,0.19069441793532893,-2.7247141935048074,0.06985839984289628,0.6866672058562378,1.8264990480546466,27.49914633980811,-2.1734814836804617e-08,0.016418099403381348,False,239.0
HYD,HYMB,fixed_income,municipal,national_muni,same_subgroup,2512,0.6580310032066155,True,2512,-2.8774375676360218,0.1422843487239831,-2.878436512037466,0.04791361352724338,1.2024954200406253,0.08899927763792803,25.72962224500721,-1.0516233572843703e-07,0.030737193301320076,False,240.0
SIL,SILJ,commodity,metals,silver,same_subgroup,2512,0.9571800827718738,True,2512,-3.74698223999002,0.01592696426263719,-3.746032665241932,0.0035103314307337766,1.0094414286084006,1.0640340926733272,53.66469850202705,1.3059870695997233e-07,0.056358639150857925,False,248.0
IQLT,RDVY,equity,factor,quality__dividend,related_subgroup,2512,0.8120697936745989,True,2512,-3.308146992074224,0.053625905167893916,-3.3075023389069407,0.014546432326157988,0.6361156929920853,1.0823016168791888,71.57303574213036,8.200384371548353e-08,0.04464641213417053,False,248.0
RWR,SCHH,equity,sector,real_estate,same_subgroup,2512,0.9896815371970972,True,2512,-2.902816402489887,0.13514972133703568,-2.9017761433459914,0.045141845675741435,1.1991535721949127,0.900397357816912,83.06593324930718,1.4274742454745137e-07,0.024091165512800217,False,255.0
BIV,BOND,fixed_income,bonds,broad_bond,same_subgroup,2512,0.8795852713441963,True,2512,-2.8243243253223578,0.15806782735725683,-2.8279980648356218,0.054384398815587875,1.0449975998695944,-0.3695453452629778,70.43670177195405,2.332933348725419e-07,0.012435940094292164,False,257.0
HYD,ITM,fixed_income,municipal,national_muni,same_subgroup,2512,0.6160902543782989,True,2512,-2.879342967782716,0.14173960665194885,-2.8804124871206493,0.047673632132645666,1.4413128050139843,-1.582899369516639,34.92463847577936,2.2019550627305762e-08,0.03425270691514015,False,258.0
IAK,KIE,equity,industry,insurance,same_subgroup,2512,0.9729348468807313,True,2512,-2.8610555501834467,0.14702902639819793,-2.8622793580046806,0.049913516104432766,1.127519692905366,0.2927575716135715,69.88463216185382,-5.9224998238960325e-08,0.02812081202864647,False,259.0
IYE,VDE,equity,sector,energy,same_subgroup,2512,0.9977198079168446,True,2512,-2.8047355947205577,0.16418256795679415,-2.803967632318762,0.05770925127569482,0.9337740542710471,-0.6505485030104818,60.48306057166638,1.8602722917648862e-08,0.010499171912670135,False,264.0
RDVY,SPHQ,equity,factor,quality__dividend,related_subgroup,2512,0.9041970319817924,True,2512,-3.496016644373394,0.0327501413965518,-3.4954253038504466,0.008105362168869415,0.9729822601151659,0.03008943364284189,82.62313721069111,-4.6316984025907004e-08,0.04603946954011917,False,272.0
AGG,BNDX,fixed_income,bonds,broad_bond,same_subgroup,2512,0.7656103710247897,True,2512,-2.7465433970429323,0.1832868854395705,-2.7461479800688635,0.06638737669602271,1.0305264299991155,0.5938919532378613,73.1600172957979,-2.8093909421045282e-08,0.016077445819973946,False,272.0
DGRO,FVD,equity,factor,same_group_corr,same_group_corr,2512,0.9482510135953306,True,2512,-3.0707399401850073,0.09433216330373839,-3.069287007516006,0.028911167811912733,1.4398957530558234,-1.316520274655482,76.95660247250012,4.2710333048034954e-08,0.03824104741215706,False,294.0
REET,RWR,equity,sector,real_estate,same_subgroup,2512,0.971220459725881,True,2512,-2.7948624373756505,0.16732481609502142,-2.7942150128507297,0.059104875601014684,0.8178055769827908,-0.5378509678613312,94.09078532277523,-3.75850959244417e-08,0.023640301078557968,False,307.0
MDY,SCHB,equity,us_equity,same_group_corr,same_group_corr,2512,0.9235078184950156,True,2512,-3.2066551160553205,0.06882188125597193,-3.205917590698341,0.01964469091599529,0.73103613789073,4.060390031033029,76.60565787245788,6.567900356913015e-08,0.04750954732298851,False,310.0
DGRO,RDVY,equity,factor,same_group_corr,same_group_corr,2512,0.9387616400228967,True,2512,-3.030268927225452,0.10318470548658448,-3.0296548678394286,0.03221629041084639,0.8786734276624693,0.5121917122104458,94.3321315184037,-8.295295828020244e-08,0.03328455612063408,False,313.0
SPLV,USMV,equity,factor,minimum_volatility,same_subgroup,2512,0.9408261995436705,True,2512,-2.7110963314822545,0.19561317576899317,-2.7079319128120565,0.07267573039348801,0.8401263378274155,0.47385560902994683,78.07950896513778,6.833653287685593e-08,0.02581896260380745,False,313.0
IVE,SPHQ,equity,factor,same_group_corr,same_group_corr,2512,0.9019323999784955,True,2512,-3.277230668214954,0.05793353640158107,-3.2764468824343496,0.01596469212666548,0.7934094584679452,1.9059203476754103,102.15046759528245,-1.8868476558964176e-07,0.03968428075313568,False,314.0
IJH,IWV,equity,us_equity,same_group_corr,same_group_corr,2512,0.92275536071772,True,2512,-3.1718821336607292,0.0747572569370606,-3.1711499792916475,0.021716552014537614,0.7564778601515556,-0.2697789729761997,79.3343113161702,1.410390098044445e-07,0.04699740558862686,False,323.0
IJH,SCHB,equity,us_equity,same_group_corr,same_group_corr,2512,0.9225800611484218,True,2512,-3.169880237616331,0.07511090977699117,-3.1691455440210206,0.02184157481836337,0.7486340578463424,1.7901076112668504,78.39363008396758,2.4866906755960372e-08,0.0472760908305645,False,323.0
IWV,JHMM,equity,us_equity,same_group_corr,same_group_corr,2512,0.9491810390628906,True,2512,-3.172082663968144,0.07472190407319274,-3.1711583561867105,0.021716030826547012,1.2426989748846573,0.6941055052024634,85.55766961416965,-3.2307994501934445e-07,0.043805744498968124,False,324.0
FDVV,HDV,equity,factor,dividend,same_subgroup,2512,0.8823706425187603,True,2512,-3.114779263631535,0.08537282670169682,-3.111169980222956,0.025737527606781805,1.428208764907997,-0.5753923071611533,71.04100314171626,1.5280808440820692e-07,0.04874679818749428,False,325.0
IWV,VO,equity,us_equity,same_group_corr,same_group_corr,2512,0.9629643766620235,True,2512,-3.1456260536612333,0.07950131741775879,-3.1446355052287083,0.023421510600803493,1.2474825743476559,0.556874856223823,93.87636280044245,2.4088629402285733e-07,0.03893581032752991,False,327.0
CMF,ITM,fixed_income,municipal,national_muni,same_subgroup,2512,0.6478766278237256,True,2512,-2.6479443805627683,0.21885675204181898,-2.646857617559338,0.08369420470150207,0.8659099531406591,0.7114038234206461,5.713037774771852,4.698136635283845e-08,0.00625003082677722,False,331.0
FVD,RDVY,equity,factor,dividend,same_subgroup,2512,0.863904873141212,True,2512,-2.775786436763874,0.17351061997091455,-2.7739355526850376,0.062094421418716066,0.6025093690423549,1.2982302851100398,72.60162952029903,-3.9293507114734894e-08,0.034715887159109116,False,335.0
SCHB,VO,equity,us_equity,same_group_corr,same_group_corr,2512,0.9629747788248931,True,2512,-3.117328244768897,0.08487521528493708,-3.1163343332240965,0.02536775386022067,1.2602126827287221,-2.1875075337131626,92.19427413473056,1.8944406576792971e-07,0.03971919044852257,False,336.0
IWR,SCHM,equity,us_equity,mid_blend,same_subgroup,2512,0.986769423243828,True,2512,-2.695343064775452,0.20125804269364678,-2.694676184784645,0.07496406109371782,1.0838563134007306,0.8623816335549819,90.83945603010804,-1.5717402845893957e-07,0.022711267694830894,False,336.0
CMF,HYD,fixed_income,municipal,national_muni,same_subgroup,2512,0.5156665333178966,True,2512,-2.475670893575381,0.2899030204610346,-2.474921242395379,0.12169609888364469,0.5259266716691511,1.9475086822755507,41.33601613190485,4.7455927187911584e-08,0.02127286046743393,False,339.0
IQLT,QUAL,equity,factor,quality,same_subgroup,2512,0.8314292748392986,True,2512,-3.0762654585603104,0.09317003782330546,-3.0751994158736022,0.028443818673264846,0.6478365660874359,0.3511490023392323,81.03247807904397,-7.896666431861377e-08,0.04524959623813629,False,340.0
EFA,EPP,cross_asset,single_country__international_equity,japan__developed_ex_us,country_region,2512,0.9000845013718118,True,2512,-3.0543578155924944,0.09784289657670919,-3.053845496450414,0.030162788848786436,1.299546292467419,-0.5822368307335637,65.3230713563235,1.5945191478294873e-07,0.052175119519233704,False,343.0
PTF,QTEC,equity,sector,technology,same_subgroup,2512,0.8502827251445718,True,2512,-3.641735662901795,0.021733762151391084,-3.639682521259762,0.005046161282750729,1.2181232714723522,-2.240568571003954,60.330356749262045,-1.4958108351947885e-07,0.07880283892154694,False,344.0
IQLT,SPHQ,equity,factor,quality,same_subgroup,2512,0.8261541698556704,True,2512,-3.1014609464743534,0.0880097568453101,-3.1003347171780558,0.026528427828551058,0.6223587613114676,1.0886808713426364,83.44678020573166,9.03560888332322e-08,0.04690373316407204,False,352.0
RSPT,SOXX,cross_asset,sector__industry,technology__semiconductors,sector_industry,2512,0.9155973776352402,True,2512,-2.9832133027196988,0.11424979503151,-2.984958864023535,0.03632312887718138,0.663328251652037,0.010884061850449989,76.6954711972113,1.0677583617280106e-07,0.046601686626672745,False,355.0
HYG,JNK,fixed_income,credit,high_yield,same_subgroup,2512,0.9931275684451224,True,2512,-2.669399478522872,0.21077692555937233,-2.6687769526545404,0.07959880077712717,0.9985075674660528,-0.17662961762329488,54.961254308417956,-2.5436376560605822e-08,0.0038026028778403997,False,355.0
HYMB,ITM,fixed_income,municipal,national_muni,same_subgroup,2512,0.5214441867748986,True,2512,-2.4185424670989746,0.31612385495903206,-2.4176050715740667,0.13682903349845382,1.1624694060527432,-1.2551815455106379,17.587212813893043,7.934630730233039e-08,0.02274549938738346,False,355.0
JHMM,VO,equity,us_equity,mid_blend,same_subgroup,2512,0.9860781655972363,True,2512,-2.5977128037120303,0.23775282485643007,-2.5973266318671135,0.09355105806285974,1.000942941266741,-0.09924653303141184,82.45774823650709,-3.03717939686976e-08,0.016093386337161064,False,358.0
MORT,VNQI,equity,sector,real_estate,same_subgroup,2512,0.6015801855392162,True,2512,-4.0759254462269885,0.0055801099252867055,-4.075001886726343,0.0010648899151014316,1.0727876461206869,-1.7789256594601355,62.42041516782462,1.0630127889044161e-08,0.09743095934391022,False,369.0
SCHB,SCHM,equity,us_equity,same_group_corr,same_group_corr,2512,0.9400218631539489,True,2512,-3.2923153640061074,0.05579787561900941,-3.291686476931966,0.015254203783457553,1.3743131812899918,-1.493146433980466,83.35227553528136,-1.791935773098885e-07,0.06208747625350952,False,370.0
SCHH,USRT,equity,sector,real_estate,same_subgroup,2512,0.9900946776322848,True,2512,-2.84538298910228,0.15167114800672765,-2.8451703988376478,0.052105550072491916,0.6801817011348181,0.3087865315699414,91.37870979253066,-2.6575319722610402e-08,0.03648613393306732,False,370.0
IYF,XLF,equity,sector,financials,same_subgroup,2512,0.9800547715663561,True,2512,-2.7448553426385423,0.18386206748290657,-2.7454708653015776,0.0664948787277738,1.023104166142855,0.7413736446614898,104.00476704418759,-2.3158492012953502e-08,0.027136676013469696,False,370.0
IWV,SCHM,equity,us_equity,same_group_corr,same_group_corr,2512,0.9393221488355497,True,2512,-3.2901739367447562,0.056097090709230676,-3.28954443562532,0.015352356664954018,1.360433145153361,1.2442137731958507,84.49822302040808,8.428173003949269e-08,0.06121216341853142,False,374.0
SCHM,VO,equity,us_equity,mid_blend,same_subgroup,2512,0.9758109380168025,True,2512,-2.644849680036194,0.2200376178204151,-2.643840954593546,0.08427045617639695,0.9048400258994032,-0.4585455576661648,97.1981391126085,-9.339326823010197e-08,0.027698125690221786,False,401.0
AIRR,VIS,equity,sector,industrials,same_subgroup,2512,0.8948255366480331,True,2512,-3.2401374278545734,0.0634680353064578,-3.240666293066382,0.017748172108365035,1.4950154135777884,-3.9667365330367943,82.20911891586849,1.8299004977961886e-07,0.07001963257789612,False,404.0
GSIE,IAU,commodity,metals,gold,same_subgroup,2512,0.24788498501234157,True,2512,-3.405137540773087,0.04178304309780701,-3.405196022428677,0.010783009781664353,0.5648870803891008,1.2876749139088641,78.50263211254138,-8.845784549293967e-08,0.08207105100154877,False,407.0
CMF,FCOM,fixed_income,municipal,national_muni,same_subgroup,2512,0.15308216236198102,True,2512,-2.565123468551397,0.2511267147069032,-2.564033124405036,0.10066104257065167,0.15229070335950667,3.390681404075326,86.12653433245973,-9.548132595682546e-08,0.02723725140094757,False,410.0
FVD,QUAL,equity,factor,quality__dividend,related_subgroup,2512,0.837953467168797,True,2512,-2.9084763987206244,0.1335941105195801,-2.9078934337023616,0.044437768155536544,0.608936714755568,0.6277354291003734,97.24247351888773,-4.93541651991336e-09,0.0454145148396492,False,416.0
IBB,PTF,equity,sector,technology,same_subgroup,2512,0.5673118651078218,True,2512,-3.284554554853787,0.05688848639512458,-3.2837066966115387,0.015622681545507461,0.28787749329425016,3.795486697426515,73.22198130891678,-1.51858969843488e-08,0.08437591791152954,False,417.0
FVD,SPHQ,equity,factor,quality__dividend,related_subgroup,2512,0.8220789834661402,True,2512,-2.879073287270235,0.1418166167616925,-2.879225828891588,0.047817632002666914,0.5856012014300638,1.3187026663650148,88.45227500847702,-6.79568898931393e-08,0.04568929970264435,False,417.0
DGRW,XMHQ,equity,factor,growth__quality,related_subgroup,2512,0.8385252840791498,True,2512,-2.8244638979753405,0.15802482873290757,-2.8243923145046574,0.05487308829973713,0.977091231206419,-0.09086976422316351,77.88522253112926,-5.960464477539063e-08,0.05344767868518829,False,434.0
QUAL,RDVY,equity,factor,quality__dividend,related_subgroup,2512,0.9097928524677626,True,2512,-2.9336809493729534,0.12682301087677822,-2.933090418601798,0.041633134777075316,0.9737058057237633,1.1585480080351935,104.04119080641634,4.7455927187911584e-08,0.04719170182943344,False,436.0
DGRO,SPHQ,equity,factor,growth__quality,related_subgroup,2512,0.9223975316588903,True,2512,-2.786113736374177,0.17014300530901116,-2.791552708201003,0.05949057150539525,0.8598728871618739,0.5202515902597611,107.34760818192778,1.1275528066789775e-07,0.03806617110967636,False,440.0
GDX,GLD,commodity,metals,gold,same_subgroup,2512,0.7745179704699695,True,2512,-3.2105228322119674,0.06818559697319726,-3.2096668802387143,0.019431896943088018,1.1245597602001616,-2.391872498413763,60.07888211136151,-8.655960925807449e-08,0.10709349811077118,False,441.0
SIVR,SLV,commodity,metals,silver,same_subgroup,2512,0.9988163232655862,True,2512,-2.393765684177423,0.3278133685626314,-2.4006333489936384,0.14155773040462988,1.011112590652983,0.006045201590456628,14.43572940773613,1.4293725314473704e-07,0.0034003164619207382,False,452.0
CEF,GSIE,commodity,metals,gold,same_subgroup,2512,0.30334479670777476,True,2512,-3.464342676143385,0.03568996465247994,-3.464616499052402,0.008943699524498751,1.5608217673947902,-2.2552382340482824,72.16592297699863,4.5557690953046404e-08,0.13541309535503387,False,453.0
GDX,IAU,commodity,metals,gold,same_subgroup,2512,0.7743897174188912,True,2512,-3.1888290288313788,0.07181590842520692,-3.1879858366316447,0.020690723771248035,1.1120713246613498,-0.5567422481451256,60.92638070926992,1.5337755598920921e-07,0.10837403684854507,False,453.0
IJJ,RDVY,equity,factor,value__dividend,related_subgroup,2512,0.9334191961970654,True,2512,-2.9051689411883843,0.1345015734390626,-2.904919025855654,0.044778964613721085,0.7218682571638662,1.8306481383003614,100.10196207602928,-1.1617211015391149e-07,0.051675330847501755,False,453.0
IWV,MDY,equity,us_equity,same_group_corr,same_group_corr,2512,0.9231653617520367,True,2512,-3.021071195650274,0.10528144961787489,-3.020222990631193,0.03304850276085793,1.3154155877845626,-2.5435454593536164,84.55384258259018,-1.5945191478294873e-07,0.06303095072507858,False,454.0
IBB,QTEC,equity,sector,technology,same_subgroup,2512,0.6373078958896295,True,2512,-3.2198637278959876,0.06666827528316825,-3.21913409749202,0.01890349619490636,0.35191989587216277,3.1444711029945775,79.67558711729458,-3.189038366713248e-08,0.08626890182495117,False,458.0
FXU,UTES,equity,sector,utilities,same_subgroup,2512,0.8297280956141695,True,2512,-2.4151887630117157,0.31769536362741846,-2.410482145804722,0.13879973076174595,0.7217134156285241,0.6612922288759133,46.13215874148574,-1.1731105331591607e-07,0.036803826689720154,False,459.0
PSI,SOXX,equity,industry,semiconductors,same_subgroup,2512,0.9748810665068333,True,2512,-2.8219143053066875,0.15881156081765524,-2.820578151975671,0.05539391578190469,0.9231462002061351,-0.8961102960717708,96.72560764683831,5.7136936959523155e-08,0.04795701056718826,False,460.0
IJR,SCHM,equity,us_equity,same_group_corr,same_group_corr,2512,0.94405715949562,True,2512,-2.707554351014355,0.19687344722111944,-2.707004159693457,0.07283406602823936,0.9387210845943643,1.6155388415586271,92.89166575209178,7.820737124575317e-08,0.04061788320541382,False,460.0
IWV,SPMD,equity,us_equity,same_group_corr,same_group_corr,2512,0.9177778635993187,True,2512,-3.0049522767248384,0.10903303315746832,-3.004124511033055,0.03451101400649851,1.2885513232703323,0.6531200542180269,87.03953722590983,-1.632483836999654e-08,0.06266099214553833,False,462.0
SCHB,SPMD,equity,us_equity,same_group_corr,same_group_corr,2512,0.9180022264048289,True,2512,-3.0047216830370687,0.10908741880499973,-3.0038861866089395,0.03453306970461589,1.3016275119109306,-2.090013670484746,86.34059454496335,5.8465701613386045e-08,0.06366381794214249,False,468.0
ARKQ,IBB,equity,sector,technology,same_subgroup,2512,0.6408126122327742,True,2512,-3.7428610866208016,0.016125710869477082,-3.7421067345552617,0.003558392919032486,2.43357814109841,-7.836859429620009,62.11786198586577,-7.532204904237005e-07,0.1842890828847885,False,471.0
AGG,BOND,fixed_income,bonds,broad_bond,same_subgroup,2512,0.900765717971052,True,2512,-2.3460085184561543,0.3508335398815983,-2.3460180634569983,0.15755527868738928,0.8877497276924666,0.5951229340805781,62.94283343165657,1.0440304265557643e-07,0.010246660560369492,False,472.0
IYF,VFH,equity,sector,financials,same_subgroup,2512,0.9841924927871463,True,2512,-2.677391358991245,0.20781523238194538,-2.6773106221366936,0.07804748705827766,1.0362301630809934,-0.22956812150240502,129.65397519747088,-2.6119741391994467e-07,0.029119612649083138,False,476.0
RWR,USRT,equity,sector,real_estate,same_subgroup,2512,0.9937398870006585,True,2512,-2.513653130434437,0.27308100962367376,-2.5138059435144964,0.11215122418426787,0.8469650759664127,1.151320833595733,114.03132497909277,-9.491185437582317e-08,0.024970944970846176,False,479.0
REET,USRT,equity,sector,real_estate,same_subgroup,2512,0.9712854786286296,True,2512,-2.806719962620179,0.1635558996620473,-2.8063274541406416,0.0573756052008831,0.6853198016649396,0.43164872653033726,132.97772919030018,7.137371227372569e-08,0.03659166768193245,False,480.0
IJR,JHMM,equity,us_equity,same_group_corr,same_group_corr,2512,0.9352441228872009,True,2512,-2.7845620835140816,0.1706461528944455,-2.783923061453482,0.06060719462298731,0.8463702275529195,1.277649418727373,98.06629293114541,4.365945471818122e-08,0.04976964369416237,False,485.0
QUAL,XMHQ,equity,factor,quality,same_subgroup,2512,0.8495979689208532,True,2512,-2.6875396342191338,0.20409212110464392,-2.6867760452136604,0.07635467821248917,1.0035186889813268,0.5655013499746229,80.52982189129057,9.03560888332322e-08,0.0518515445291996,False,487.0
SMH,TDIV,cross_asset,sector__industry,technology__semiconductors,sector_industry,2512,0.890658423955527,True,2512,-2.9072483056792953,0.13393054626419193,-2.9058972193354258,0.0446665162623168,1.7880668640753654,-2.2254314390369156,74.81944446182294,3.7964742460872e-09,0.07734741270542145,False,489.0
IJR,MDY,equity,us_equity,same_group_corr,same_group_corr,2512,0.9633367888199388,True,2512,-2.7329638268332648,0.18794746138061763,-2.7323796990021503,0.06860080018419755,0.909369077915511,-1.008352136869723,116.58397334144833,2.991621670389577e-07,0.038888875395059586,False,498.0
DGRW,RDVY,equity,factor,same_group_corr,same_group_corr,2512,0.9185947922669719,True,2512,-2.7708211498432433,0.17514552027096242,-2.7701992620127136,0.06265829187959152,0.9494026663336346,0.48167028992421734,109.88654199920619,-1.7539710484015814e-07,0.04523080959916115,False,499.0
IBB,RSPT,equity,sector,technology,same_subgroup,2512,0.6527892089209676,True,2512,-3.1427361275627024,0.08003759471376226,-3.142039659318318,0.023594486407109407,0.3504949196730225,3.7277202250706267,84.5218327351236,-3.948333215930688e-08,0.09055784344673157,False,503.0
IJR,SPMD,equity,us_equity,same_group_corr,same_group_corr,2512,0.961969645134318,True,2512,-2.651916144754087,0.21734690336456353,-2.651337933446711,0.08284402866966112,0.8908538865852205,1.2013505277803596,106.43906238289881,-1.374323659319998e-07,0.03849470987915993,False,504.0
RSPT,SMH,cross_asset,sector__industry,technology__semiconductors,sector_industry,2512,0.9120754432286412,True,2512,-3.0596872538947766,0.0966900245747066,-3.062204150718548,0.029479656847853655,0.5880820944576113,0.40953934626602573,111.22723306353984,9.794903377269293e-08,0.06317023932933807,False,505.0
REET,XLRE,equity,sector,real_estate,same_subgroup,2512,0.9343012228860428,True,2512,-3.194529955400374,0.0708473468060965,-3.1928573323776166,0.020401865461505977,0.5816793475386233,1.0295859941218177,138.99065528349993,5.0872753121211645e-08,0.05622284486889839,False,507.0
DGRO,IQLT,equity,factor,growth__quality,related_subgroup,2512,0.8103960321806036,True,2512,-2.927223646989014,0.1285335231619235,-2.9267193973517287,0.04232795558805427,1.3364060071349972,-0.8299258135091883,91.78176596009513,1.5641474249150633e-07,0.06929758936166763,False,507.0
IJJ,IVE,equity,factor,value,same_subgroup,2512,0.9232392836978268,True,2512,-2.777859413776584,0.17283109082764087,-2.7771295865744396,0.0616156355139486,0.8834255519052974,0.17401363618681387,100.33907978156856,1.1009775136017197e-07,0.05344434827566147,False,511.0
BIV,BNDX,fixed_income,bonds,broad_bond,same_subgroup,2512,0.765739432112018,True,2512,-2.3789660772234766,0.3348807644585333,-2.378839101500344,0.14779819807201638,1.2053481300871471,-0.3417326971861385,112.54305835187186,-2.1639903025061358e-07,0.020772231742739677,False,515.0
FDVV,IJJ,equity,factor,value__dividend,related_subgroup,2512,0.9058744213218968,True,2512,-2.7879169794193905,0.16955953217184072,-2.786922038058785,0.06016628133511978,1.2575553067598828,-2.1863765146630776,82.10031987911026,-2.0842642811658152e-07,0.06798800826072693,False,516.0
MORT,XLRE,equity,sector,real_estate,same_subgroup,2512,0.6246500510641578,True,2512,-3.6996432352406172,0.018344760787930688,-3.698988252209543,0.004127407804428973,0.0966509927843815,1.8687702384903355,97.95534472830258,-1.2148717587479041e-08,0.147336944937706,False,522.0
IWR,VO,equity,us_equity,mid_blend,same_subgroup,2512,0.9942370436262322,True,2512,-2.2920175669832257,0.3775426429961416,-2.2905233595675836,0.1750425952226053,0.9882539608009071,0.3363826749557468,73.99708236449067,2.4487258443173232e-08,0.009633359499275684,False,528.0
GLD,GSIE,commodity,metals,gold,same_subgroup,2512,0.24693310356287862,True,2512,-3.2257971333366964,0.0657185785790954,-3.225711144139623,0.018543827977255633,1.526627931382901,0.12032621483032102,85.7991828282112,2.885320498080546e-07,0.13471770286560059,False,532.0
PTF,RSPT,equity,sector,technology,same_subgroup,2512,0.8319381605739727,True,2512,-2.694670652189921,0.2015012653381975,-2.684275883015647,0.07679897540055522,1.231232728190456,-0.27877836530816946,58.72722767714454,-6.529935347998617e-08,0.07658647745847702,False,532.0
DBC,PDBC,commodity,broad_commodities,broad,same_subgroup,2512,0.9889402046567061,True,2512,-2.2180998802168492,0.41505034937079877,-2.2181986998011896,0.19970680327744783,1.0236153265924224,0.44529362701249076,22.840071099060268,-1.1465352400819029e-07,0.0070032281801104546,False,540.0
CEF,SIVR,commodity,metals,gold__silver,related_subgroup,2512,0.9161306415148822,True,2512,-2.9239998063555968,0.129393732878475,-2.9243032221367535,0.04259397747175456,0.8925984551765631,0.12333338517249448,105.19077136077559,-5.1632049746785924e-08,0.07290910184383392,False,545.0
DGRW,SPHQ,equity,factor,growth__quality,related_subgroup,2512,0.9508239678118702,True,2512,-2.6357393110334844,0.22353638658219505,-2.637627653841793,0.08546705583480801,0.9335691453202855,0.4737074339938925,133.9047623309014,3.8344388997302303e-08,0.034173592925071716,False,545.0
IJR,IWR,equity,us_equity,same_group_corr,same_group_corr,2512,0.9228805420508971,True,2512,-2.675924623469131,0.2083568283489215,-2.6754297398353835,0.07838735166071517,0.8555258984342315,0.9123741681131818,100.39110694181383,9.301361814095799e-08,0.053386252373456955,False,547.0
MORT,VNQ,equity,sector,real_estate,same_subgroup,2512,0.6733536231686845,True,2512,-3.512800315329752,0.03127741399661155,-3.5120724826005834,0.007682406527837446,0.21909325053373907,1.2646634372212233,106.0968931036579,-9.11153819060928e-09,0.1438247114419937,False,550.0
MORT,USRT,equity,sector,real_estate,same_subgroup,2512,0.6777020404814392,True,2512,-3.487585677759076,0.0335118726835535,-3.486798000122324,0.008332693802278347,0.21800250762728224,1.3726155199365984,105.7978538743921,-7.896666431861377e-08,0.14288529753684998,False,550.0
BND,BOND,fixed_income,bonds,broad_bond,same_subgroup,2512,0.9119492883503537,True,2512,-2.208756597713287,0.41985261184285055,-2.207854985968319,0.20340691263786637,0.9051500377355879,0.2191856430064263,67.6933729687542,-1.3325625047855283e-07,0.010225510224699974,False,559.0
NOBL,SPLV,equity,factor,minimum_volatility__dividend,related_subgroup,2512,0.8985938489452,True,2512,-2.5880040302253273,0.24169321316448283,-2.5874429257183698,0.09562043171637585,1.1987840690374325,-1.1484145936248424,109.58605950205774,-1.5375719897292583e-07,0.04514118283987045,False,560.0
DGRO,QUAL,equity,factor,growth__quality,related_subgroup,2512,0.9296968226129652,True,2512,-2.550055590123699,0.2574502044650141,-2.5501933151346985,0.10373430331919853,0.894117478661961,-0.4942406948374556,119.5335261086641,3.07514405051279e-08,0.03741923347115517,False,561.0
MORT,RWR,equity,sector,real_estate,same_subgroup,2512,0.6780902743233138,True,2512,-3.311619343207503,0.05315889008219916,-3.310546323027271,0.014413585138464888,0.36263155072443576,0.6154557937386311,111.8608588586976,-1.0326409949357185e-07,0.136573925614357,False,566.0
FVD,XMHQ,equity,factor,quality__dividend,related_subgroup,2512,0.8014338447244647,True,2512,-2.672072471239193,0.20978343937245225,-2.6722284799448115,0.07896847107746946,0.6127345565615681,0.96524896296709,108.74453183787938,1.7843428068431422e-08,0.05272752419114113,False,567.0
FDVV,RDVY,equity,factor,dividend,same_subgroup,2512,0.9257194111985381,True,2512,-2.664345601973815,0.21266330260363286,-2.6664783732183084,0.08002075737987402,0.9320202479759525,0.027308004806371855,114.37166836824645,2.1260255778088322e-08,0.047921061515808105,False,568.0
CEF,SLV,commodity,metals,gold__silver,related_subgroup,2512,0.917261386290312,True,2512,-2.8940615716238,0.13758141159546833,-2.894524870649979,0.04598839506524949,0.9015189604985139,0.13181786876132318,108.3058763256231,1.1085704443303257e-07,0.07507903128862381,False,572.0
IWR,JHMM,equity,us_equity,mid_blend,same_subgroup,2512,0.9925168779548051,True,2512,-2.2699760211571807,0.3886262241404979,-2.2693380236447713,0.18204780306851048,0.9856183409923482,0.4407669447044862,90.9740890095494,4.157139343874405e-08,0.011910444125533104,False,576.0
EEMV,EWT,cross_asset,single_country__international_equity,taiwan__emerging_markets,country_region,2512,0.8253731752123913,True,2512,-2.5594106386967543,0.25351392148035523,-2.5587083890471214,0.10183518692596749,0.30035947305788024,2.8730119699955248,101.33069145116056,-1.473031971954697e-07,0.05031289532780647,False,583.0
IJR,VO,equity,us_equity,same_group_corr,same_group_corr,2512,0.905111649091074,True,2512,-2.660984109147582,0.21392376024188575,-2.6604210013913843,0.08114111586420059,0.8422240810527657,1.212673906764282,101.18578314893507,7.972595739147437e-08,0.05837687849998474,False,587.0
REET,VNQ,equity,sector,real_estate,same_subgroup,2512,0.9639696601826879,True,2512,-2.78250985170777,0.1713131572576616,-2.780619716372756,0.06109587386963182,0.7439619110314468,-0.14426662819376368,175.57307418450097,-1.0212515633156727e-07,0.04038058593869209,False,588.0
SCHH,XLRE,equity,sector,real_estate,same_subgroup,2512,0.9741549871374784,True,2512,-2.7397772673495098,0.18559948724926933,-2.7382500258276368,0.06764997691783896,0.5718095290158354,0.9213100379354966,115.64328588941041,-3.11310870415582e-08,0.058375515043735504,False,590.0
SPHQ,XMHQ,equity,factor,quality,same_subgroup,2512,0.8319243637249905,True,2512,-2.5240371967983464,0.2685720460334487,-2.5226579779518383,0.11005827007240676,1.0417224697502379,-0.5845134898975264,85.60750574820977,2.691700160539767e-07,0.057855624705553055,False,609.0
KIE,XLF,cross_asset,sector__industry,financials__insurance,sector_industry,2512,0.8934186510119366,True,2512,-2.5572958887066406,0.25440079937423377,-2.557469327355828,0.10210988894592637,0.9436392998893153,0.34107645050854174,104.5324070652673,1.4806249737375765e-07,0.054573483765125275,False,614.0
IVE,RDVY,equity,factor,value__dividend,related_subgroup,2512,0.9440193901610805,True,2512,-2.4041650052487586,0.32288487508016955,-2.404893639890543,0.14035997611609058,0.8108580090304214,1.8981140602168516,122.73703547952047,-1.545164991512138e-07,0.03550025820732117,False,614.0
JHMM,SCHM,equity,us_equity,mid_blend,same_subgroup,2512,0.9893679898999281,True,2512,-2.287045858081232,0.3800342917629831,-2.285819547816497,0.1765822438953225,1.0984877730594103,0.4313448149286536,123.69586730146808,1.8412899294162344e-07,0.02402101829648018,False,619.0
MORT,SCHH,equity,sector,real_estate,same_subgroup,2512,0.6740900755628101,True,2512,-3.137071515476564,0.08109698184074648,-3.1357349679326165,0.02401920328871025,0.5338709081015403,0.6547412441901379,115.82028589996484,-1.1237563768418113e-07,0.13040922582149506,False,621.0
HYG,IYF,cross_asset,credit__sector,high_yield__financials,credit_equity,2512,0.7149646215666738,True,2512,-2.231066290809079,0.40840588810318007,-2.2306115409718035,0.19532338013998923,0.3403682148848528,2.689182982153117,97.68951471739814,1.13894227382616e-09,0.03091488778591156,False,630.0
DGRW,IVE,equity,factor,same_group_corr,same_group_corr,2512,0.9481862941216084,True,2512,-2.621678580170671,0.22900184181629507,-2.621258490011357,0.0886826829887305,1.1637491648977298,-1.7062043399352582,145.00231590634183,-2.441132949115854e-07,0.04407800734043121,False,631.0
FVD,SPLV,equity,factor,minimum_volatility__dividend,related_subgroup,2512,0.9356062656979913,True,2512,-2.311411759918497,0.3678724494681743,-2.3102899177384617,0.16867074230048523,1.0020651406221033,-0.4703316650632736,120.44188718301665,-1.5983155776666536e-07,0.030693259090185165,False,637.0
MORT,REET,equity,sector,real_estate,same_subgroup,2512,0.7130875966222294,True,2512,-3.036155083025707,0.1018595175002957,-3.0347470948947626,0.03177442353985602,0.5470535221291077,0.5385793319432963,115.60140352759022,6.0743587937395205e-09,0.12912392616271973,False,638.0
DIA,VIS,equity,sector,industrials,same_subgroup,2512,0.9145515426074796,True,2512,-2.71270709051222,0.19504176690256414,-2.716596850067244,0.07121005852524977,0.8990773249391224,1.043205794464651,143.4855734620513,2.02352069322842e-07,0.05416041612625122,False,639.0
DBC,FTGC,commodity,broad_commodities,broad,same_subgroup,2512,0.8517457171716281,True,2512,-2.5045619249431894,0.2770607903131837,-2.505422511458524,0.1141605377657477,1.0092000109236186,0.04114951669137845,103.34225640676775,-3.7964742460872e-09,0.05641268938779831,False,642.0
JNK,XLF,cross_asset,credit__sector,high_yield__financials,credit_equity,2512,0.6779755460176194,True,2512,-2.4140766127059323,0.3182172597081373,-2.4135793463337625,0.1379403616090516,0.3432245015054074,3.1417474711722004,126.00886555271389,1.594519183356624e-08,0.03800057992339134,False,642.0
GDX,GSIE,commodity,metals,gold,same_subgroup,2512,0.3577424501743869,True,2512,-2.9720010502696423,0.1170117478898891,-2.971725782826958,0.03762055637593114,1.6981624962966193,-2.1948117284317803,84.97603293329162,-1.0022692009670209e-07,0.19432565569877625,False,651.0
HYG,XLF,cross_asset,credit__sector,high_yield__financials,credit_equity,2512,0.6761071463660424,True,2512,-2.3677503587819833,0.34027724403453685,-2.3673055695244476,0.15117754998732735,0.34327680920850656,2.9584953901759885,122.20818058889635,4.7835573724341884e-08,0.03757983818650246,False,651.0
JHMM,MDY,equity,us_equity,mid_blend,same_subgroup,2512,0.9850799948606872,True,2512,-2.2091037443739125,0.4196739801450045,-2.208792791254654,0.20306967299959783,1.0621013843594833,-2.62687737234703,114.25230276021999,5.6187818842090564e-08,0.02702770009636879,False,651.0
FVD,USMV,equity,factor,minimum_volatility__dividend,related_subgroup,2512,0.9313172435134723,True,2512,-2.400024320254484,0.32484346282465204,-2.39979138879244,0.1417952963158473,0.8435742665340911,-0.0026052050842872987,133.3605872521506,-8.580031618521389e-08,0.037361353635787964,False,659.0
PTF,XSD,cross_asset,sector__industry,technology__semiconductors,sector_industry,2512,0.8452636474958485,True,2512,-2.5330083995413455,0.26470857493274585,-2.5313698354682033,0.10802705188935108,0.9188972384541401,-0.9564469394770994,76.26506093579574,2.1032467145687406e-07,0.08779755979776382,False,662.0
IJH,IJR,equity,us_equity,same_group_corr,same_group_corr,2512,0.9625150447269653,True,2512,-2.4437452791051992,0.3044259058564601,-2.443232611727423,0.12990413242555093,1.098901837297256,-1.11120745865054,125.17002223562149,-1.0174550624242329e-07,0.04462968185544014,False,664.0
JNK,VFH,cross_asset,credit__sector,high_yield__financials,credit_equity,2512,0.6901823750646916,True,2512,-2.3908253337237033,0.32921255684930845,-2.390305803587983,0.14449123882451903,0.34764379039188764,2.8159535753434355,128.75991346246394,7.137371227372569e-08,0.03815016150474548,False,665.0
IHF,IXJ,equity,sector,healthcare,same_subgroup,2512,0.7611460338732917,True,2512,-2.781698292175681,0.17157740838158775,-2.7812102120466005,0.06100828636285089,1.0171504228599995,-0.6015569698738545,120.68567662411034,3.11310870415582e-08,0.08346808701753616,False,667.0
CEF,PSLV,commodity,metals,gold__silver,related_subgroup,2512,0.9145396610815932,True,2512,-2.744826137130196,0.1838720292845064,-2.7471262474452196,0.06623230790588058,0.9533362704946302,0.8933178879626205,115.50001501858505,-1.0781986503616281e-07,0.08569880574941635,False,670.0
IJH,JHMM,equity,us_equity,mid_blend,same_subgroup,2512,0.9847312875713186,True,2512,-2.1503415547325617,0.4500992439236717,-2.150020086631727,0.22488240235508183,0.9557637360762681,0.19642857534030256,119.52551182374462,-6.121814521975466e-08,0.025299524888396263,False,676.0
BIV,BND,fixed_income,bonds,broad_bond,same_subgroup,2512,0.9201399251143134,True,2512,-1.9002613657232714,0.5798742962614302,-1.9013934479580679,0.3314058730345072,1.1468540846299105,-0.5904552115719284,47.17025877236505,1.670448668278368e-08,0.009313089773058891,False,678.0
MDY,VO,equity,us_equity,mid_blend,same_subgroup,2512,0.9629207719747553,True,2512,-2.2868994934412776,0.38010772045288665,-2.2864435790526145,0.1763774698399012,0.9318054247284873,2.4206714323572776,116.49825521085552,-5.6187818842090564e-08,0.036834124475717545,False,680.0
HYG,VFH,cross_asset,credit__sector,high_yield__financials,credit_equity,2512,0.6884583172450279,True,2512,-2.3417314951387302,0.3529243877678091,-2.3412558535856283,0.15900704013616956,0.3475677438267599,2.633209073441762,125.89113686095551,1.1313493075704173e-07,0.037856340408325195,False,682.0
JHMM,SPMD,equity,us_equity,mid_blend,same_subgroup,2512,0.9793182166108835,True,2512,-2.1405926320705664,0.4551760617144047,-2.1403150014515044,0.22861563547196168,1.0398891914363466,-0.04390213666579257,113.96809016134098,-1.317376501219769e-07,0.02809443511068821,False,687.0
IBB,TDIV,equity,sector,technology,same_subgroup,2512,0.6255823482560502,True,2512,-2.713111366975633,0.19489852020249976,-2.7124052303151434,0.07191611260803182,0.3557489038053503,3.4620192083632038,108.18623832975253,5.0113460048351044e-08,0.1033840924501419,False,688.0
GDXJ,GSIE,commodity,metals,gold,same_subgroup,2512,0.4071446952972899,True,2512,-2.8965064814965436,0.1368992072521688,-2.896309182607909,0.04577887578813887,1.5204756153594392,-1.3280411787833284,91.22129939083102,-3.340897336556736e-08,0.22164835035800934,False,692.0
PSI,RSPT,cross_asset,sector__industry,technology__semiconductors,sector_industry,2512,0.8942160056711699,True,2512,-2.641661515937361,0.221258197620173,-2.641543702181453,0.08471134972193106,1.3746933249665911,-0.8575194751910855,103.39225065183803,1.7387851869443693e-07,0.09026309847831726,False,695.0
UTES,VPU,equity,sector,utilities,same_subgroup,2512,0.8739008024982685,True,2512,-2.3118753229498368,0.3676423085479711,-2.3128366044955055,0.16786132818217242,1.378866276883266,-2.9197281828244783,78.58002551129675,-8.504102311235329e-08,0.06211457774043083,False,701.0
AGG,BIV,fixed_income,bonds,broad_bond,same_subgroup,2512,0.9291470902610922,True,2512,-1.8706888550535457,0.5947956328518762,-1.8708558231796564,0.34589317137483755,0.8412547165609467,0.9440290935492435,56.931507816348336,2.5056730024175522e-08,0.008320962078869343,False,707.0
FVD,IJJ,equity,factor,value__dividend,related_subgroup,2512,0.881833944644525,True,2512,-2.464675103040935,0.29486656868008443,-2.46442745741215,0.12437110965349041,0.8085220896731935,-0.11302882854976026,131.5212337506845,-1.313580071382603e-07,0.05240615829825401,False,710.0
GSLC,IAU,commodity,metals,gold,same_subgroup,2512,0.11205344254723738,True,2512,-2.785132852525405,0.17046095587528087,-2.7871178326802672,0.06013758577685235,0.9233618576258404,0.9683486696613883,113.9567236147857,6.0743587937395205e-09,0.1387844830751419,False,711.0
GDX,GDXJ,commodity,metals,gold,same_subgroup,2512,0.9655534649178467,True,2512,-2.568094845160904,0.2498900683845902,-2.572412514885852,0.09883413434296723,1.0340161179748035,-0.4039140325204631,106.59661855102627,-1.0022692009670209e-07,0.08296607434749603,False,712.0
KIE,VFH,cross_asset,sector__industry,financials__insurance,sector_industry,2512,0.9013274178479771,True,2512,-2.501277575105312,0.27850586448846415,-2.5009989516407387,0.11523145819861458,0.9544572150474813,-0.5488869460508727,125.98732157606439,-5.7706408540525445e-08,0.057730723172426224,False,718.0
IVE,QUAL,equity,factor,same_group_corr,same_group_corr,2512,0.9153310340966551,True,2512,-2.4303468312961862,0.310619986790851,-2.4297933172212027,0.13350340242548558,0.8229982350417597,0.9793108951998626,150.7832677070525,-5.2391342819646525e-08,0.04474084451794624,False,718.0
FENY,VDE,equity,sector,energy,same_subgroup,2512,0.9986571297261795,True,2512,-1.8576616745218706,0.6013151650612601,-1.862076853408191,0.3501061492516678,0.9926108123407291,-1.5959089265149364,12.460815027307566,-4.9164341930918454e-08,0.0029515838250517845,False,718.0
IHF,IYH,equity,sector,healthcare,same_subgroup,2512,0.7911992286024125,True,2512,-2.575348058754132,0.24688581933800424,-2.5750189502395724,0.09827103614505689,0.9300019482641577,0.16633912782459603,120.43268235173825,-1.302190639762557e-07,0.07658941298723221,False,719.0
CEF,GDXJ,commodity,metals,gold,same_subgroup,2512,0.7480016606531129,True,2512,-2.449442217297272,0.3018096798709479,-2.451399651914743,0.12775138305137868,0.875706207407607,-0.3318404213168371,70.22646514245655,1.3059870695997233e-07,0.1245729997754097,False,722.0
FHLC,VHT,equity,sector,healthcare,same_subgroup,2512,0.9966881078253449,True,2512,-1.858756778786166,0.6007684517506696,-1.8592370972206345,0.35147338951063756,0.9869309576638319,-1.2824620789031087,8.878524912377282,0.0,0.002199706621468067,False,723.0
FENY,XLE,equity,sector,energy,same_subgroup,2512,0.9962619164152373,True,2512,-2.2586197226349536,0.39437253692004837,-2.2652516924812396,0.18341994756491714,0.9999923643438386,-0.5850103760461973,194.49858716323166,-9.491185437582317e-08,0.02155020646750927,False,725.0
FENY,IXC,equity,sector,energy,same_subgroup,2512,0.9771291705696304,True,2512,-2.3407967426902396,0.35338195224004,-2.3468143630296376,0.15731341985391895,1.1316593513263098,-0.9835468018678748,130.71950006567084,-1.488217833411909e-07,0.04351994767785072,False,728.0
IAK,XLF,cross_asset,sector__industry,financials__insurance,sector_industry,2512,0.8790216308283986,True,2512,-2.6394759008738835,0.2220973261628617,-2.6391866477925294,0.08516558169752203,1.0599713589695594,0.691030124821193,134.70507531245025,1.5793332863722753e-07,0.0741451308131218,False,734.0
QUAL,XMMO,equity,factor,momentum__quality,related_subgroup,2512,0.8331548687112662,True,2512,-2.3077345368663553,0.3696997314986038,-2.3065354579661324,0.16986881931779235,0.8102901893394039,1.2569969992249028,103.41594314070338,-2.3082563416210178e-07,0.05529987812042236,False,736.0
IJJ,XMHQ,equity,factor,same_group_corr,same_group_corr,2512,0.9075406768625098,True,2512,-2.575188753594101,0.24695158203385287,-2.574175257287658,0.09845304116682929,0.7366121106940744,1.4213983593975108,143.95944698996928,7.934630730233039e-08,0.06652635335922241,False,743.0
DGRW,IQLT,equity,factor,growth__quality,related_subgroup,2512,0.81827763105566,True,2512,-2.568744381355691,0.24962019716661693,-2.5682246369520647,0.09974401889248558,1.440492229248822,-0.9566053659136955,117.99111884588676,-1.3211730731654825e-07,0.08352840691804886,False,743.0
SILJ,SLV,commodity,metals,silver,same_subgroup,2512,0.7411567437705688,True,2512,-2.6102235398872873,0.2327308876422992,-2.610534409985606,0.09083950675437497,0.7950967702738345,-0.029367527957515627,82.33403818465746,-3.03717939686976e-08,0.16378118097782135,False,744.0
IJH,VO,equity,us_equity,mid_blend,same_subgroup,2512,0.9629080652757597,True,2512,-2.2121066441249306,0.4181294254943134,-2.2116644233251113,0.20203921540441844,0.9537036361695741,0.11296658878559818,125.10763409935173,2.5436376560605822e-08,0.03716784343123436,False,744.0
GLD,IAU,commodity,metals,gold,same_subgroup,2512,0.9983227385406996,True,2512,-1.8412041237083492,0.6095005639788168,-1.8436435601758268,0.35901909597506876,0.9896520332089986,1.6291468183300886,11.241993043457938,-1.2053805953371466e-08,0.0017545667942613363,False,744.0
IXC,IYE,equity,sector,energy,same_subgroup,2512,0.9781414249633242,True,2512,-2.3070934193316384,0.37001861938411407,-2.313239595320113,0.16773348644755293,0.9264625266637272,0.11454616564324738,139.01662987167614,9.073573181694883e-08,0.03970910236239433,False,746.0
EEM,EWY,cross_asset,single_country__international_equity,south_korea__emerging_markets,country_region,2512,0.843662107812478,True,2512,-2.504629168755891,0.27703124421243,-2.5051674617951267,0.11422208284714969,0.5708413962192203,1.3182615282708294,124.9719700670508,1.1161634461132053e-07,0.06873855739831924,False,748.0
SPMD,VO,equity,us_equity,mid_blend,same_subgroup,2512,0.9562980149774153,True,2512,-2.2104960593713163,0.4189576910198047,-2.210056054017892,0.20261595530231546,0.9509176245277322,-0.00847264067468867,119.32598721161867,9.339326823010197e-08,0.03866906836628914,False,749.0
DGRO,DGRW,equity,factor,growth,same_subgroup,2512,0.9665799340779818,True,2512,-2.1103464628949333,0.47095996027073916,-2.109307192338229,0.24078863951143187,0.9199830774168769,0.08818864675416105,133.60743378160944,-4.6696634115050983e-08,0.02692214958369732,False,752.0
RSPT,XSD,cross_asset,sector__industry,technology__semiconductors,sector_industry,2512,0.9060210194471644,True,2512,-2.5312943509439485,0.2654444238245982,-2.530842544473714,0.10814918937299961,0.7398121161647759,-0.5180120427510748,129.86833993912563,-9.756938368354895e-08,0.0700668916106224,False,753.0
FDVV,SPHQ,equity,factor,quality__dividend,related_subgroup,2512,0.895822286405661,True,2512,-2.4834558888286153,0.28641382922021374,-2.482761531675998,0.11972516651113474,0.9117598732531895,0.03704198530913061,168.6814001235695,1.446456678877439e-07,0.05262218043208122,False,756.0
HDV,IVE,equity,factor,value__dividend,related_subgroup,2512,0.9043216524680237,True,2512,-2.3292115370179682,0.3590706372885032,-2.3286256070310785,0.1629017589170852,0.7882083325395393,-1.0249943675983708,144.51259896656538,1.3088344985590084e-07,0.04160524159669876,False,756.0
SILJ,SIVR,commodity,metals,silver,same_subgroup,2512,0.7415343990825133,True,2512,-2.584958851513056,0.2429368419874623,-2.585290095216914,0.09607577745577633,0.7836979248691595,-0.025785315746991166,83.95110915482658,-3.340897336556736e-08,0.16600163280963898,False,758.0
IXC,XLE,equity,sector,energy,same_subgroup,2512,0.9788856772627168,True,2512,-2.0487185111594504,0.5031787961323028,-2.0483887765630175,0.2657673019121528,0.8754583838409586,0.37971100481063935,110.7234761006898,1.7292940412971802e-07,0.03175564110279083,False,761.0
DBEF,EPP,cross_asset,single_country__international_equity,japan__developed_ex_us,country_region,2512,0.8358392610264876,True,2512,-2.568136741129606,0.24987265637319983,-2.5675391511610015,0.09989355519219045,1.6446277939663814,-2.6122701940255126,110.4208936043084,-1.3363589346226945e-07,0.11367560923099518,False,763.0
VDE,XLE,equity,sector,energy,same_subgroup,2512,0.9966729111738968,True,2512,-2.1575639028972975,0.44634246213907497,-2.160444970011494,0.22091345007803515,1.0076230910969843,1.0177966498995827,197.76387199244883,1.7122098938671115e-07,0.020176252350211143,False,766.0
NOBL,XMHQ,equity,factor,quality__dividend,related_subgroup,2512,0.8176418330458314,True,2512,-2.339980357461269,0.3537817520027364,-2.3403803374495875,0.1592749381951314,0.7394624578760494,0.5423735995574468,117.83710281041493,3.7205445835297724e-08,0.057976335287094116,False,775.0
HDV,RDVY,equity,factor,dividend,same_subgroup,2512,0.8112513058601767,True,2512,-2.3291311896436007,0.3591102029449734,-2.328300208096243,0.16300295292126527,0.6362576663058097,0.48158247680951494,124.14901083852527,1.4046953822344221e-07,0.0552375353872776,False,781.0
IYR,REET,equity,sector,real_estate,same_subgroup,2512,0.9608036887069981,True,2512,-2.4745447398302405,0.2904094812778346,-2.4758475236294135,0.12146201548900448,1.2160502816170524,0.647937300110808,187.97947243265332,5.0113460048351044e-08,0.052815865725278854,False,785.0
EPI,INDA,equity,single_country,india,same_subgroup,2512,0.9727878572198541,True,2512,-1.9931645608032382,0.5321293803469846,-1.9920697850063134,0.29006101065932,1.262487945668553,-1.2124347626836283,84.62420871325038,2.209548028986319e-07,0.040722329169511795,False,786.0
KRE,XLF,cross_asset,sector__industry,financials__banks,sector_industry,2512,0.8613015870582412,True,2512,-2.6908588735811394,0.20288356614087316,-2.690224177827995,0.07574524392150822,0.4997080616534002,2.174610629695172,127.12847573073977,3.189038366713248e-08,0.1382066011428833,False,787.0
QTEC,SMH,cross_asset,sector__industry,technology__semiconductors,sector_industry,2512,0.9354441542155482,True,2512,-2.6158470921907773,0.2304941133030169,-2.6204843621528933,0.08883703921488934,0.589735519553608,2.0463322240141117,145.97256345966176,1.5717402845893957e-07,0.08487759530544281,False,795.0
IAK,VFH,cross_asset,sector__industry,financials__insurance,sector_industry,2512,0.8806320971322925,True,2512,-2.5192539609939977,0.2706441137321906,-2.5189011450301817,0.11094293993070009,1.0726930153800605,-0.31111026353942073,141.55923282884618,1.1389422382990233e-07,0.076261967420578,False,797.0
KRE,VFH,cross_asset,sector__industry,financials__banks,sector_industry,2512,0.8907421391526001,True,2512,-2.6690838324431487,0.2108944362570213,-2.6684912243974197,0.07965115763064168,0.5155694544291349,1.6595668262677936,129.85972355980812,-2.5056730024175522e-08,0.1345699578523636,False,800.0
IHF,VHT,equity,sector,healthcare,same_subgroup,2512,0.8008658778713829,True,2512,-2.4427330728988426,0.3048918441405263,-2.442243892578151,0.1301665164317265,0.9226002664234523,-1.168600824222608,128.46778956913707,-3.75850959244417e-08,0.07677775621414185,False,804.0
PSLV,SILJ,commodity,metals,silver,same_subgroup,2512,0.7337264043234628,True,2512,-2.4642329586478042,0.29506700929764484,-2.4653813395206416,0.12412619502862265,0.9679004250122096,-0.2257674297170147,85.21154618029782,4.8594870349916164e-08,0.1589997559785843,False,813.0
IYF,KIE,cross_asset,sector__industry,financials__insurance,sector_industry,2512,0.8988448554306036,True,2512,-2.2855715807893002,0.380774108202905,-2.284553011500055,0.17699833996410919,1.0558366626523155,0.47295972976394207,120.71562336663067,-2.0880607465301182e-08,0.05721552297472954,False,813.0
IYE,XLE,equity,sector,energy,same_subgroup,2512,0.9973512181464214,True,2512,-2.1568060385942704,0.4467364881534665,-2.1583321097778883,0.22171440098714945,0.9403259451223134,0.30174741621002354,242.31979730242506,1.936201812213767e-07,0.024944916367530823,False,821.0
IXC,VDE,equity,sector,energy,same_subgroup,2512,0.9773997488067849,True,2512,-2.1319223215569187,0.45969611489242584,-2.1351753972352845,0.23060757494029782,0.8659953413737704,-0.49207719978096254,134.43199100173754,-7.479054175973943e-08,0.03795447200536728,False,821.0
RWR,XLRE,equity,sector,real_estate,same_subgroup,2512,0.9583920841738851,True,2512,-2.4040304085538717,0.3229484613271151,-2.4016965490080557,0.1412581427213021,0.7169270125268867,1.8970500374176673,166.59771218409534,2.0576889880885574e-07,0.05942390859127045,False,822.0
IJH,IWR,equity,us_equity,mid_blend,same_subgroup,2512,0.9761739850093486,True,2512,-2.0250544033407714,0.5155321910465367,-2.0245285606634402,0.27592280395930163,0.9670130564669777,-0.21982608785125457,136.5651484599979,-2.7334614571827842e-08,0.03102097287774086,False,833.0
IWR,MDY,equity,us_equity,mid_blend,same_subgroup,2512,0.9761082566438257,True,2512,-2.023150906324453,0.5165247336807559,-2.0225334943036644,0.27678117261577306,1.045647733224531,-2.141251317537149,132.46543333882838,-2.8473555957475583e-08,0.03234120085835457,False,833.0
DIA,IYF,equity,sector,same_group_corr,same_group_corr,2512,0.9078139588129712,True,2512,-2.4004568120734975,0.3246386541209482,-2.400045793249127,0.1417234842983554,0.9271140073589978,1.7291303260796944,171.07510546730828,4.8594870349916164e-08,0.060445524752140045,False,834.0
GDXJ,GLD,commodity,metals,gold,same_subgroup,2512,0.754731663819997,True,2512,-2.3767249806950597,0.33595632482678994,-2.375907437779347,0.1486521259492753,1.0135257720813278,-1.5388627433418893,78.57110263579393,2.0045384019340418e-07,0.16175375878810883,False,834.0
IYH,VHT,equity,sector,healthcare,same_subgroup,2512,0.993928601862744,True,2512,-1.7519217703190064,0.6527677802167878,-1.7507348578614683,0.40517992911516804,0.9916071685627459,-1.433122533743445,103.52500325112558,-9.32034396328163e-08,0.010073380544781685,False,837.0
PTF,SOXX,cross_asset,sector__industry,technology__semiconductors,sector_industry,2512,0.8381824147848368,True,2512,-2.2911999376268906,0.37795206480331967,-2.2847595051954555,0.1769304560335635,0.8178084531549514,-0.2705887882356981,90.44532276553375,7.972595739147437e-08,0.09107735008001328,False,839.0
QTEC,SOXX,cross_asset,sector__industry,technology__semiconductors,sector_industry,2512,0.9341590338770328,True,2512,-2.3656341639807965,0.34129927614638267,-2.3660635087887076,0.1515446611735382,0.666508791016571,1.6403066275696965,140.69446858697447,1.3515447960799065e-07,0.06732320040464401,False,840.0
FCOM,HYMB,fixed_income,municipal,national_muni,same_subgroup,2512,0.2497117096329151,True,2512,-2.2638167038180548,0.3917399671793011,-2.2613318043479724,0.18474256445295362,3.6709294094864005,-7.678436341902426,45.10559484744884,-1.3363589346226945e-07,0.14899621903896332,False,841.0
GDXJ,IAU,commodity,metals,gold,same_subgroup,2512,0.7546249579009326,True,2512,-2.363148257470471,0.3425013881283524,-2.3623447776728907,0.15264749978503006,1.001419658201936,0.1181294046051935,79.32067245761864,-7.289230552487425e-08,0.1631966382265091,False,847.0
SCHH,VNQ,equity,sector,real_estate,same_subgroup,2512,0.991178604825891,True,2512,-2.210980746240715,0.4187083984357748,-2.209416945243534,0.20284541967321018,0.7327314354177699,-0.23859267255333272,162.84439403629426,-1.5869261460466078e-07,0.043216630816459656,False,847.0
USRT,XLRE,equity,sector,real_estate,same_subgroup,2512,0.9663366320492986,True,2512,-2.3428938929862864,0.35235569193928995,-2.339779654838054,0.15945891940468243,0.8710858948473494,0.7952469491444374,219.64789022986417,6.4540062183482405e-09,0.04660555347800255,False,851.0
RDVY,XMHQ,equity,factor,quality__dividend,related_subgroup,2512,0.8888639762325328,True,2512,-2.1407988235072573,0.45506862247905244,-2.140588484949102,0.2285099309760002,1.0209224581598975,-0.5689891795290025,112.80103717426178,1.5100475536655722e-07,0.05682092532515526,False,851.0
IWR,SPMD,equity,us_equity,mid_blend,same_subgroup,2512,0.9700893159318542,True,2512,-1.9588256720986181,0.5499032912506486,-1.9582819655697226,0.30515906651244473,1.023654635520972,0.4021658165286395,131.68621329418755,1.287004778305345e-07,0.033525802195072174,False,856.0
FTGC,PDBC,commodity,broad_commodities,broad,same_subgroup,2512,0.8503018882640689,True,2512,-2.182482915369528,0.4334142407622992,-2.182632228187569,0.21260923107820756,0.9715355407117008,0.5003304293669908,120.7978849935054,-7.687859948646292e-08,0.057426974177360535,False,860.0
PTF,TDIV,equity,sector,technology,same_subgroup,2512,0.7618758557105245,True,2512,-2.364764527551871,0.3417196201990229,-2.364667741859745,0.15195794248407074,1.2928166632439013,-1.3787093050461534,106.11690751952811,1.1237563768418113e-07,0.1263190060853958,False,863.0
QTEC,TDIV,equity,sector,technology,same_subgroup,2512,0.9125371824906752,True,2512,-2.5313078948435312,0.26543860507517747,-2.5308802261716905,0.10814045765691793,1.056486404604787,0.7261924534524544,168.33063513287084,1.1769070340506005e-07,0.09214971214532852,False,867.0
EPP,FXY,equity,single_country,japan,same_subgroup,2512,0.013981231711761518,True,2512,-2.5061253400000125,0.27637426498448214,-2.5012915258147226,0.11516039875279516,-0.7135454612675041,6.711442916408945,135.84938165913465,-1.1769070340506005e-07,0.12084084749221802,False,867.0
FVD,NOBL,equity,factor,dividend,same_subgroup,2512,0.9661173639594766,True,2512,-1.973022043599244,0.5425699139525879,-1.9715136411819438,0.2992013208873393,0.826184328561768,0.5245972858574239,171.8070833734751,-1.2528365012087761e-08,0.028104493394494057,False,872.0
DGRW,QUAL,equity,factor,growth__quality,related_subgroup,2512,0.9608346551302055,True,2512,-2.061918144856631,0.49627989058463184,-2.0616695962428513,0.26020402180202895,0.9704042324504805,-0.6261093838406415,169.0061904435259,8.807820250922305e-08,0.0347115620970726,False,875.0
QUAL,USMV,equity,factor,minimum_volatility__quality,related_subgroup,2512,0.8951221086412494,True,2512,-2.2380286648402903,0.40484835842623224,-2.2370672661438347,0.19306819701148342,1.3618518407517755,-0.9377566723461932,146.04026600555906,-2.050096092887088e-08,0.054927993565797806,False,880.0
PTF,SKYY,cross_asset,sector__industry,technology__cloud,sector_industry,2512,0.7589293922127752,True,2512,-2.508555872450735,0.27530871801741597,-2.508047018930967,0.11352865501151455,1.3935521434667586,-2.372431043346613,125.91348087048023,-1.7311921851614898e-07,0.1536952704191208,False,882.0
FDN,SKYY,equity,industry,same_group_corr,same_group_corr,2512,0.9283404615418481,True,2512,-2.2574100634244503,0.3949859826090939,-2.2567706088243895,0.18628940541682337,0.8492616068059671,1.4621062533558744,146.85078967938117,1.2756153466852993e-07,0.05783788859844208,False,889.0
DGRO,FDVV,equity,factor,same_group_corr,same_group_corr,2512,0.9533972616430545,True,2512,-2.3075677713056537,0.36978267100041273,-2.3129515990745833,0.16782484146679688,0.9280701796579851,0.536835963881499,231.36514700669818,2.7334614571827842e-08,0.05135539919137955,False,895.0
IYF,JNK,cross_asset,credit__sector,high_yield__financials,credit_equity,2512,0.7164086677577024,True,2512,-2.253146633203289,0.39715008561062753,-2.2530688007066777,0.18755099808241227,2.7315881578748353,-7.547550046584355,105.34186775980808,2.8397627716003626e-07,0.09018366038799286,False,895.0
DGRO,XMHQ,equity,factor,growth__quality,related_subgroup,2512,0.844754278596811,True,2512,-2.1376800478413833,0.4566939834632606,-2.138301820344202,0.2293946509385787,0.8966039821358331,0.014110198533118457,123.49034575421514,3.07514405051279e-08,0.060931798070669174,False,904.0
AIRR,PPA,cross_asset,sector__industry,industrials__aerospace_defense,sector_industry,2512,0.7945716725599081,True,2512,-2.466271015500051,0.2941436283855112,-2.4658195624784627,0.12401379677617397,1.2494968548960657,-1.6615819171900004,159.25069772184008,1.457846110497485e-07,0.12042064219713211,False,905.0
FHLC,IYH,equity,sector,healthcare,same_subgroup,2512,0.9935983923651692,True,2512,-1.7343652983825333,0.6610209454506568,-1.7337927489602434,0.41379088722732493,0.9938023125714177,0.1495438504597617,130.17252350982292,1.0174550624242329e-07,0.01156615186482668,False,907.0
AIRR,DIA,equity,sector,industrials,same_subgroup,2512,0.7743148679213929,True,2512,-2.5301815758456514,0.26592272909694115,-2.536377468443166,0.1068722669331642,1.5934665033907307,-5.308433735584391,161.00819183422183,-3.006807673955336e-07,0.14062464237213135,False,911.0
SCHP,TIP,fixed_income,inflation_linked,tips,same_subgroup,2512,0.9826930663699492,True,2512,-1.002431974809084,0.90238501026331,-0.9483533504603529,0.7716324193781108,1.0362955558787812,-1.5929663902319184,17.311966866635046,1.5128949826248572e-07,0.0024931763764470816,False,912.0
PSLV,SIL,commodity,metals,silver,same_subgroup,2512,0.749578342653899,True,2512,-2.3078712361547384,0.3696317497567133,-2.311894093075891,0.16816058035384907,0.960083679237534,-1.2503611732258983,104.8950077945894,8.504102311235329e-08,0.14840397238731384,False,919.0
GLD,GSLC,commodity,metals,gold,same_subgroup,2512,0.11190807192502354,True,2512,-2.399387888675432,0.3251449477463404,-2.399613441090034,0.14184554180869013,0.924660498460689,1.2215244523797644,129.54916527319185,-4.9354163422776764e-08,0.13961322605609894,False,920.0
FVD,IVE,equity,factor,value__dividend,related_subgroup,2512,0.9363773569147926,True,2512,-2.0747662112880945,0.4895618001190857,-2.0743679175700764,0.25494549251231247,0.7352776387507234,-0.07439882420158028,178.99140611490236,-1.359137797862786e-07,0.04042119160294533,False,926.0
DGRW,FDVV,equity,factor,same_group_corr,same_group_corr,2512,0.933589659732423,True,2512,-2.258919219582182,0.39422069474823745,-2.25862711036545,0.18565879158068527,1.0066829798436379,0.49489724024311776,211.80947956476732,-1.0668092187415823e-07,0.053023822605609894,False,927.0
IQLT,XMHQ,equity,factor,quality,same_subgroup,2512,0.7670688782199115,True,2512,-2.0642313529161354,0.49507049419990645,-2.063305504882969,0.259523224494594,0.648159861317267,0.7255867486022023,122.07575002615654,-2.2778845476523202e-08,0.05938006564974785,False,932.0
NOBL,USMV,equity,factor,minimum_volatility__dividend,related_subgroup,2512,0.9198223352030116,True,2512,-2.120875093776152,0.4654609722440664,-2.1203806065162336,0.23639881448406186,1.0129534639059348,-0.6045276781459368,176.57900923605067,-2.8245767680346034e-07,0.04601413011550903,False,933.0
PSI,SMH,equity,industry,semiconductors,same_subgroup,2512,0.9624179155466603,True,2512,-2.299374655719156,0.3738648673587077,-2.3015715874671625,0.17146160427362395,0.8170676410647589,-0.3349440662342431,140.53634300020255,1.0819951512530679e-07,0.08468452841043472,False,934.0
DBEF,EWU,cross_asset,single_country__international_equity,united_kingdom__developed_ex_us,country_region,2512,0.8497050755888356,True,2512,-2.3872205501132515,0.33093129081460854,-2.3877091106578323,0.14523551347031555,1.287995901795906,-0.9297283673920429,168.14172263251,-8.504102311235329e-08,0.09777969866991043,False,939.0
DGRO,USMV,equity,factor,same_group_corr,same_group_corr,2512,0.9368863932047389,True,2512,-2.078664387024282,0.4875232472692457,-2.0778418470574582,0.2535173333784312,1.2287489134850338,-1.3787362859202066,187.42358812818955,-4.7076280651481284e-08,0.0422576405107975,False,939.0
IJJ,NOBL,equity,factor,value__dividend,related_subgroup,2512,0.8853166323236519,True,2512,-2.3547258080225353,0.3465863283521067,-2.3537871040441662,0.15520652540309005,0.963880205840971,0.997225818744214,190.72314284785548,1.473031971954697e-07,0.07790783792734146,False,943.0
VNQI,XLRE,equity,sector,real_estate,same_subgroup,2512,0.6762117888008565,True,2512,-2.3883232714162843,0.33040512927257953,-2.3878764370780137,0.14518747253003322,0.1743158317306268,3.1086567274568004,175.25696744000197,1.0781986503616281e-07,0.09809837490320206,False,948.0
DGRW,XMMO,equity,factor,growth__momentum,related_subgroup,2512,0.8221212124183799,True,2512,-2.1350704263409983,0.458054435324505,-2.1341836278910047,0.23099313575799985,0.7867225449422581,0.5919220585282385,137.8648452921652,3.03717939686976e-08,0.062828928232193,False,953.0
FHLC,PPH,cross_asset,sector__industry,healthcare__pharmaceuticals,sector_industry,2512,0.8876897468946103,True,2512,-2.4465285782805273,0.30314640529588155,-2.446402357943489,0.12906552832632,1.0182750246056917,-0.32555795413928124,244.0573679864402,6.0743587937395205e-09,0.08855079859495163,False,962.0
SPHQ,XMMO,equity,factor,momentum__quality,related_subgroup,2512,0.8512164138823142,True,2512,-2.171374971870875,0.43917016764244005,-2.1708483440543294,0.21699540334836276,0.8389403837102891,0.1426798818514552,162.07019378058843,6.0743587937395205e-09,0.0672600194811821,False,965.0
IYH,PPH,cross_asset,sector__industry,healthcare__pharmaceuticals,sector_industry,2512,0.8894159734537064,True,2512,-2.407967443302017,0.32109074414375893,-2.4078167882432986,0.13954232172225667,1.0278454782265745,-0.4915318525628365,240.91023479570129,-1.0326409949357185e-07,0.08580774813890457,False,967.0
XLY,XRT,cross_asset,sector__industry,consumer_discretionary__retail,sector_industry,2512,0.7515430231137448,True,2512,-2.36566098313148,0.341286316149913,-2.3686504965116906,0.1507807338670174,0.9489591430737134,0.43151002482303547,160.07019358590983,-5.9224998238960325e-08,0.13117392361164093,False,968.0
GDXJ,SIL,commodity,metals,gold__silver,related_subgroup,2512,0.9317808680434189,True,2512,-2.2778799065070765,0.3846408872706249,-2.285033894113014,0.17684027860656182,1.0568010188329642,-0.0029728049873529727,134.6085321119618,2.095653712785861e-07,0.10943802446126938,False,970.0
DGRW,USMV,equity,factor,same_group_corr,same_group_corr,2512,0.923818793545422,True,2512,-2.040313450297003,0.5075691418894172,-2.0393017527422543,0.269610829026112,1.329129103380649,-1.5675745403637968,163.57330897047558,-2.7334614571827842e-08,0.05045073851943016,False,972.0
RSPT,TDIV,equity,sector,technology,same_subgroup,2512,0.9525283772936202,True,2512,-2.2761670995510492,0.3855035208306101,-2.2756153934223464,0.17995312480894599,1.0560744496642123,-0.9167480426893411,213.83911060892544,-1.8906440857335838e-07,0.0652664303779602,False,973.0
FDVV,IQLT,equity,factor,quality__dividend,related_subgroup,2512,0.8290414380205992,True,2512,-2.253390318042296,0.39702630796004623,-2.2529354376424493,0.18759655238573525,1.4107595181927737,-1.3731987835674833,145.7600878653332,-2.1260255778088322e-07,0.08735924959182739,False,983.0
GBIL,TFLO,fixed_income,us_bonds,treasury,same_subgroup,2512,0.1349192104566086,True,2512,-1.2411770740374966,0.8467861691673592,-1.2409227664607008,0.6557488224621019,0.9380300091849687,0.9241932260080787,100.64651839350725,9.567114744868377e-08,0.003139219945296645,False,983.0
NOBL,QUAL,equity,factor,quality__dividend,related_subgroup,2512,0.8640494339976827,True,2512,-2.056373400111842,0.49917840284910725,-2.055220323605911,0.2628975309108331,0.7314705541727584,0.1511193882637638,163.55476313223085,5.6187818842090564e-08,0.05498387664556503,False,987.0
GDX,GSLC,commodity,metals,gold,same_subgroup,2512,0.22746951830839077,True,2512,-2.3616472225213476,0.34322803779580224,-2.3610897161036286,0.15302095991634762,0.9869983110499647,-0.791862349265374,124.56914866588696,3.0371793968697602e-09,0.22647550702095032,False,995.0
SPHQ,USMV,equity,factor,minimum_volatility__quality,related_subgroup,2512,0.8805964629683632,True,2512,-2.089308051863236,0.4819572618297406,-2.089133777015889,0.24890635316717757,1.4118732266152536,-2.1374314490311335,157.077751423447,-4.8594870349916164e-08,0.06392278522253036,False,998.0
RDVY,USMV,equity,factor,minimum_volatility__dividend,related_subgroup,2512,0.831295009105999,True,2512,-2.1640164477778665,0.442989542841851,-2.163191490407493,0.21987492034807682,1.3738721629277957,-2.0501932865158077,160.9274111858891,2.6575319722610402e-08,0.07718990743160248,False,999.0
QTEC,XSD,cross_asset,sector__industry,technology__semiconductors,sector_industry,2512,0.9126093207061664,True,2512,-2.299001002930807,0.37405138135791216,-2.2985775030850304,0.17242716553828313,0.7422925208031825,1.1141813782526366,184.9180766718293,-1.4958108351947885e-07,0.0888899713754654,False,1001.0
QTEC,RSPT,equity,sector,technology,same_subgroup,2512,0.9614365497328371,True,2512,-2.0145929803305838,0.5209844990797655,-2.013997045828546,0.28046980535607097,1.0032506494627036,1.6342530242564672,161.58446978963198,1.5641474249150633e-07,0.0547986701130867,False,1004.0
PPA,VIS,cross_asset,sector__industry,industrials__aerospace_defense,sector_industry,2512,0.9068614720684194,True,2512,-2.280995213580533,0.38307335488172983,-2.280821576213908,0.17822801480437206,1.1539818317583288,-1.6263158694535775,206.30319814454882,1.0478268563929305e-07,0.07789426296949387,False,1005.0
DGRW,NOBL,equity,factor,same_group_corr,same_group_corr,2512,0.911959069341733,True,2512,-1.9582948330616927,0.550177059705273,-1.9568510990406573,0.3058067592089555,1.2911969261546785,-0.6990149863070458,143.16795001510388,3.5686856136862843e-08,0.05649048089981079,False,1011.0
NOBL,SPHQ,equity,factor,quality__dividend,related_subgroup,2512,0.8513212674742947,True,2512,-2.034021314794217,0.5108540410187794,-2.0340201693857436,0.27185846401853886,0.701425139148115,0.988621953206799,165.00778923276417,1.8602722917648862e-08,0.059094011783599854,False,1019.0
USO,XOP,commodity,energy,energy_commodity,same_subgroup,2512,0.6243570042562713,True,2512,-2.54675885768081,0.25884532254666803,-2.5452427142019785,0.10485064234903846,0.7930568803023658,0.5923461141325692,207.4374051266303,-1.9437948139966466e-07,0.23931185901165009,False,1021.0
DGRO,HDV,equity,factor,same_group_corr,same_group_corr,2512,0.9136968516288156,True,2512,-2.199614714224811,0.4245622046863017,-2.199261591718732,0.20651356561942558,1.3231191028514937,0.009446435103921402,201.48958122289704,1.632483872526791e-07,0.07123681157827377,False,1021.0
IAK,IYF,cross_asset,sector__industry,financials__insurance,sector_industry,2512,0.8757967858997282,True,2512,-2.1383740073290274,0.45633227374893787,-2.138024186660858,0.22950220736901028,1.032005392252172,-0.059952133847707145,169.3647473606796,-7.137371227372569e-08,0.07522007822990417,False,1027.0
PSI,TDIV,cross_asset,sector__industry,technology__semiconductors,sector_industry,2512,0.8583666350798124,True,2512,-2.2559479660202926,0.39572778539410003,-2.254687141947587,0.18699877733001158,1.4528729510786278,-2.121993854797755,157.68405997067487,-2.255105613357955e-07,0.12489976733922958,False,1033.0
ARKQ,SKYY,cross_asset,sector__industry,technology__cloud,sector_industry,2512,0.7985114610054885,True,2512,-2.286026890170925,0.3805455800775765,-2.285547162150012,0.17667167600886308,1.1801993891046667,-1.1383393225279796,164.44147708687026,-2.9232850806693023e-08,0.13540758192539215,False,1035.0
DBEF,EFA,equity,international_equity,developed_ex_us,same_subgroup,2512,0.9245051415028187,True,2512,-2.12860353571541,0.461427366805509,-2.128217449856097,0.23332061474370652,1.2932718415483917,-1.9900691293722677,182.67417261345727,-2.1108397163516202e-07,0.07016517966985703,False,1040.0
SIL,SLV,commodity,metals,silver,same_subgroup,2512,0.7557075426674058,True,2512,-2.1396691430556096,0.4556572918359955,-2.141446513429713,0.2281784826583188,0.8232283149387294,0.9705981302485203,114.2094257130542,6.378076733426497e-08,0.15717384219169617,False,1041.0
CEF,GSLC,commodity,metals,gold,same_subgroup,2512,0.17224034077635417,True,2512,-2.1915497270196984,0.4287253303728827,-2.1921984169611135,0.20908915675199635,0.9261519550131856,-1.0470479980050627,122.85057632272084,8.807820250922305e-08,0.15759563446044922,False,1045.0
FDVV,FVD,equity,factor,dividend,same_subgroup,2512,0.906689260769466,True,2512,-1.9412558715169124,0.5589459690380546,-1.9399391848657532,0.313511881867232,1.5173894294880599,-1.8777099081049773,139.66919421435006,1.5185896984348801e-09,0.06590510159730911,False,1045.0
DIA,PPA,cross_asset,sector__industry,industrials__aerospace_defense,sector_industry,2512,0.8351718158349751,True,2512,-2.143259910002761,0.4537864399261085,-2.1436815508351663,0.22731645888275764,0.7535383365618249,2.4203936144158718,196.2069719122169,1.974166607965344e-08,0.07660321146249771,False,1046.0
FCOM,ITM,fixed_income,municipal,national_muni,same_subgroup,2512,0.11778114456465098,True,2512,-2.028588758230823,0.5136887536153589,-2.0262044552242773,0.27520284817544094,4.283067652602767,-12.34494720600162,88.47249417729937,-5.55803808310884e-07,0.16913101077079773,False,1059.0
SIL,SIVR,commodity,metals,silver,same_subgroup,2512,0.7568362978733691,True,2512,-2.122743983270329,0.46448532122902075,-2.1245753614439584,0.23474822161698838,0.8117623102044149,0.9732538156891746,116.91999448470925,2.1260255778088322e-08,0.1593487560749054,False,1074.0
ANGL,HYG,fixed_income,credit,high_yield,same_subgroup,2512,0.8765628718895268,True,2512,-1.0198776997578594,0.8990119196518374,-1.0177102961863038,0.7467501978250137,1.2607037683553433,-2.117977642354056,139.8502382161123,-1.7501746185644151e-07,0.031356457620859146,False,1077.0
GOVT,SCHR,fixed_income,us_bonds,treasury,same_subgroup,2512,0.9121617078177743,True,2512,-0.889411719598045,0.92189566046139,-0.8874455388101774,0.7920786622056822,0.9529641575074814,0.09067331192463612,159.75234506919122,1.1389422738261601e-08,0.014483215287327766,False,1079.0
PTF,SMH,cross_asset,sector__industry,technology__semiconductors,sector_industry,2512,0.8320521470531607,True,2512,-1.9520919434498454,0.5533735442471756,-1.9498559114044194,0.3089826999388957,0.7230141660767925,0.23038249595344285,115.76529974127928,9.87083303982672e-09,0.11330624669790268,False,1080.0
GOVT,IEF,fixed_income,us_bonds,treasury,same_subgroup,2512,0.9410441887358835,True,2512,-0.420762842936375,0.9695176721461725,-0.4133589305108612,0.9078443070251836,0.8053209178555012,-0.5592821557703713,116.74426086415123,2.4866906755960372e-08,0.009892660193145275,False,1080.0
ANGL,JNK,fixed_income,credit,high_yield,same_subgroup,2512,0.8806517045061435,True,2512,-0.9101004841393872,0.9186146094711621,-0.906624477113372,0.7857830548161504,1.2612291891593657,-2.351046774948557,136.5637458132527,1.590722717992321e-07,0.030332239344716072,False,1081.0
IYR,SCHH,equity,sector,real_estate,same_subgroup,2512,0.9877857675715108,True,2512,-1.9969695742387248,0.530152986974946,-2.000519965873326,0.2863451588021164,1.213065215557386,0.8298121259393554,224.16715886283097,-6.909583305514388e-08,0.05747940391302109,False,1083.0
QTEC,SKYY,cross_asset,sector__industry,technology__cloud,sector_industry,2512,0.873708377204602,True,2512,-2.170977912658548,0.4393761341463235,-2.170398940124448,0.21716377012996524,1.1429643765374022,-0.1037339719310637,185.2420531579082,9.718974069983233e-08,0.11006426066160202,False,1085.0
FHLC,IHF,equity,sector,healthcare,same_subgroup,2512,0.7955439549962985,True,2512,-1.9875050986963123,0.5350667061471996,-1.9857835971728774,0.29284107293968453,0.9841387374194692,0.2848942618116075,154.5153804494464,5.9224998238960325e-08,0.07826781272888184,False,1090.0
IYR,USRT,equity,sector,real_estate,same_subgroup,2512,0.983239028605143,True,2512,-1.573368015069476,0.7319986803648453,-1.572832756570384,0.49722452603366507,0.8940602053008222,0.941627635159243,256.34501644772314,1.7387851869443693e-07,0.031678806990385056,False,1090.0
GOVT,VGIT,fixed_income,us_bonds,treasury,same_subgroup,2512,0.916745415002508,True,2512,-0.9138308703267057,0.9180096567727978,-0.9119295476706331,0.7840184645690653,0.9538683983184981,-0.743457496044261,168.81477723360547,9.870832684555353e-08,0.014524071477353573,False,1090.0
FTGC,GSG,commodity,broad_commodities,broad,same_subgroup,2512,0.8213745930288068,True,2512,-2.0771302889667136,0.4883255090489191,-2.0767275761130337,0.25397492813051914,0.9600795439113126,-0.005628057075667492,173.81966826911207,2.8853204270262722e-08,0.08835316449403763,False,1099.0
SCHM,SPMD,equity,us_equity,mid_blend,same_subgroup,2512,0.9816771142256695,True,2512,-1.3491558793838545,0.8144094467349041,-1.3462771530996744,0.6077437164032473,0.942147897461552,-0.41618409965088343,230.6504784725138,3.948333215930688e-08,0.029590027406811714,False,1101.0
GDX,SILJ,commodity,metals,gold__silver,related_subgroup,2512,0.905009278481542,True,2512,-2.354382445398358,0.3467532529328523,-2.3540728240714905,0.15512060982986753,1.0369125996198867,0.9164768608123248,228.05331480976764,1.2756153466852993e-07,0.20682016015052795,False,1115.0
SMH,SOXX,equity,industry,semiconductors,same_subgroup,2512,0.9882370070333135,True,2512,-2.0817590679053786,0.48590487248399505,-2.0889462562740944,0.2489825345012368,1.117948903601027,-0.6303723938860646,253.46408626220136,1.5793332863722753e-07,0.07448740303516388,False,1117.0
EEM,EWT,cross_asset,single_country__international_equity,taiwan__emerging_markets,country_region,2512,0.8506171263878114,True,2512,-1.9644721407466588,0.5469892155431194,-1.9637423324712195,0.30269350847583487,0.3806536695394591,2.334944504025626,150.40256594966127,-1.822307638121856e-08,0.09289474040269852,False,1126.0
AAXJ,EPP,equity,single_country,japan,same_subgroup,2512,0.8117860495184155,True,2512,-1.9348864278960682,0.5622141319568483,-1.9320458384443364,0.3171391097585715,1.047453603289012,0.42192892422937334,164.8936066938645,-1.0174550624242329e-07,0.08045189827680588,False,1130.0
GOVT,IEI,fixed_income,us_bonds,treasury,same_subgroup,2512,0.9019579835529393,True,2512,-0.8830256284251485,0.9228834378944402,-0.8809239183563508,0.7941895206583991,0.9795629124558962,-1.5182597211071176,235.64784034161505,-7.668877799460461e-08,0.01900758035480976,False,1132.0
IYR,RWR,equity,sector,real_estate,same_subgroup,2512,0.9777084999392224,True,2512,-1.8205409524309781,0.6196919957951432,-1.8229714324237742,0.3691181185592466,1.020155544243504,-0.11848843981251989,274.0139695254314,-1.442660249040273e-07,0.047446344047784805,False,1133.0
EFA,EWU,cross_asset,single_country__international_equity,united_kingdom__developed_ex_us,country_region,2512,0.9229194850260778,True,2512,-1.9354065175842445,0.561947484578984,-1.9358805520374696,0.31537450986144666,0.9843129477504977,0.8585160298662906,236.68358146892754,3.910368562287658e-08,0.06242617219686508,False,1134.0
GDXJ,SILJ,commodity,metals,gold__silver,related_subgroup,2512,0.9289921311983508,True,2512,-2.1361962082728776,0.45746749326247566,-2.1368638927914447,0.2299520350673061,1.0507577874353662,1.160427635267565,178.8054192679029,1.822307638121856e-08,0.14194154739379883,False,1143.0
NOBL,RDVY,equity,factor,dividend,same_subgroup,2512,0.8833444238982282,True,2512,-1.56777135472137,0.7342991379555079,-1.5637166805702634,0.501789660230003,0.7202338681988603,0.9693705265031411,180.1845437920259,-3.7964742460872e-08,0.050319354981184006,False,1144.0
FDVV,QUAL,equity,factor,quality__dividend,related_subgroup,2512,0.9150513029314369,True,2512,-1.885132539863875,0.587528043608259,-1.884778594603962,0.3392552706576041,0.9445263207167369,-1.0219615154268622,252.4107130438137,9.111538190609281e-08,0.060526568442583084,False,1150.0
FCG,IEO,commodity,energy,energy_commodity,same_subgroup,2512,0.9499616396782204,True,2512,-2.3002714909059203,0.3734173203046459,-2.331266234035647,0.16208214966088647,0.9847982529067758,-1.2219818623861092,323.4586700148088,2.4297435174958082e-08,0.1638772338628769,False,1156.0
EEM,EEMV,equity,international_equity,emerging_markets,same_subgroup,2512,0.9537406080648715,True,2512,-1.7435053431692331,0.6567356069285155,-1.7431272995913258,0.4090400632044857,1.304500530269979,-1.4525650548019229,235.77997145370634,-1.6552627357668825e-07,0.052743181586265564,False,1158.0
EEMV,EWY,cross_asset,single_country__international_equity,south_korea__emerging_markets,country_region,2512,0.8198391519195436,True,2512,-1.9393212094174441,0.5599392337832856,-1.9405657007778552,0.3132248164117791,0.3864235618995342,2.3364012819504048,237.93697922771884,7.289230552487425e-08,0.07067185640335083,False,1161.0
SKYY,TDIV,cross_asset,sector__industry,technology__cloud,sector_industry,2512,0.798285621545621,True,2512,-2.1406704391251528,0.4551355188388252,-2.1416093446535562,0.2281156149423782,0.8573990520227024,0.9846501856177836,215.4467099035545,6.833653287685593e-08,0.14014162123203278,False,1162.0
FDN,PTF,cross_asset,sector__industry,technology__internet,sector_industry,2512,0.76450843218605,True,2512,-2.1025532225794024,0.4750325718490688,-2.104236808161042,0.24281437608657525,0.5498534616688247,3.123221420723219,198.8553189634176,8.200384371548353e-08,0.13176941871643066,False,1165.0
GSIE,GSLC,commodity,metals,gold,same_subgroup,2512,0.8456147471592129,True,2512,-1.8730753059524246,0.5935976255934612,-1.871442754522218,0.3456122561720405,0.5809289808310711,0.8273845064380403,217.07229432291396,3.03717939686976e-08,0.06883684545755386,False,1167.0
IEI,SCHR,fixed_income,us_bonds,treasury,same_subgroup,2512,0.9867356855121184,True,2512,-0.841935535390461,0.9289654390825839,-0.8376739423688288,0.8078044401923434,0.9437620772903195,1.7333318479465873,174.51627330240044,2.077620564477911e-07,0.0048642526380717754,False,1167.0
IXJ,PPH,cross_asset,sector__industry,healthcare__pharmaceuticals,sector_industry,2512,0.9184776375297788,True,2512,-2.0265799339307713,0.5147365900570463,-2.0271470073727422,0.27479837082845815,0.9353742755735062,0.32395873148708176,314.2045363893972,4.100192185774176e-08,0.07511577010154724,False,1170.0
SCHP,STIP,fixed_income,inflation_linked,tips,same_subgroup,2512,0.8377465573644831,True,2512,-1.3456801708161825,0.8155256513639204,-1.3450473271360561,0.6083195899804602,0.8174742916212852,-0.4923560232121602,300.638095007865,-2.6575319722610402e-08,0.036487333476543427,False,1176.0
IJH,SCHM,equity,us_equity,mid_blend,same_subgroup,2512,0.9871847407811201,True,2512,-1.2914301279140292,0.8323066625917339,-1.2892096367263532,0.6340943458621228,1.0512153777554083,0.6047001465195931,332.72726961681485,-4.100192185774176e-08,0.03102123737335205,False,1176.0
MDY,SCHM,equity,us_equity,mid_blend,same_subgroup,2512,0.9873894681510387,True,2512,-1.1979985503864206,0.8584242534910635,-1.1954268547075801,0.6755598631552342,1.027491411065733,2.8998649770244196,330.1458140894024,-5.2770992908790504e-08,0.029899341985583305,False,1178.0
DGRO,IVE,equity,factor,same_group_corr,same_group_corr,2512,0.978198430289076,True,2512,-1.7978180096379897,0.630781387552787,-1.7976092299167334,0.38164928896176437,1.0713253582334343,-1.4848709078622022,367.9210089264507,2.7258684553999046e-07,0.04715247452259064,False,1183.0
RWR,VNQ,equity,sector,real_estate,same_subgroup,2512,0.9835808291204822,True,2512,-1.5552853847184722,0.7393882317475158,-1.5513772903928724,0.50796014921204,0.9075388660066599,0.4905498147488174,328.51045554804017,-9.567114744868377e-08,0.04147765785455704,False,1189.0
PSI,PTF,cross_asset,sector__industry,technology__semiconductors,sector_industry,2512,0.8550142071973987,True,2512,-1.8513048776237602,0.6044837145339892,-1.8486855955309336,0.35657230586046146,1.0996308324811441,-0.4852226211183863,143.33099802705368,4.7076280651481284e-08,0.11483358591794968,False,1190.0
FXI,MCHI,equity,single_country,china,same_subgroup,2512,0.9746324772976007,True,2512,-1.9071709162143284,0.5763654356092284,-1.9071381517169885,0.32871058610873966,0.8671725501958213,0.07013108908977594,288.3276871708735,6.985512612800449e-08,0.0711795762181282,False,1193.0
EPP,EWA,equity,single_country,same_group_corr,same_group_corr,2512,0.966202634336303,True,2512,-1.4792907728280955,0.7690472113699411,-1.478667130867207,0.5440367767554076,0.7899941764204104,1.292363041289848,305.783709381712,-1.822307638121856e-08,0.040642742067575455,False,1193.0
MTUM,QUAL,equity,factor,momentum__quality,related_subgroup,2512,0.8497422489322125,True,2512,-1.8392197536525041,0.6104835226809529,-1.8367022677017018,0.3623982133458842,0.9771488816733755,0.33485475410459387,181.93395626409483,9.567114744868377e-08,0.07904329150915146,False,1194.0
GDX,SIL,commodity,metals,gold__silver,related_subgroup,2512,0.925689376197979,True,2512,-2.225133250630344,0.4114431979870042,-2.2325383067905453,0.19464854002928567,1.051438809109577,-0.2617071641074329,264.6504159866339,-5.4669229143655684e-08,0.1796400249004364,False,1197.0
MTUM,XMMO,equity,factor,momentum,same_subgroup,2512,0.8623524958175873,True,2512,-1.5500785636548917,0.7414927321977718,-1.5438904830558053,0.5116985158752866,0.8078797822240564,1.4944327256234278,180.92542887684516,-6.07435879373952e-08,0.06111607328057289,False,1203.0
SOXX,TDIV,cross_asset,sector__industry,technology__semiconductors,sector_industry,2512,0.8923607441185357,True,2512,-1.8779890639597685,0.5911274024308915,-1.8782895881743427,0.3423422766602726,1.5794033936651002,-1.3494755734580037,175.91551794592854,9.11153819060928e-09,0.11091823875904083,False,1205.0
IEI,VGIT,fixed_income,us_bonds,treasury,same_subgroup,2512,0.9888702251738322,True,2512,-0.6672927139490314,0.9500536260231628,-0.6633065306191633,0.8560264604756056,0.9448803620801005,0.9063657472153395,195.89664566849208,-1.395204236587233e-07,0.0048430562019348145,False,1207.0
SOXX,XSD,equity,industry,semiconductors,same_subgroup,2512,0.959211241090887,True,2512,-1.89691274195636,0.5815718826843792,-1.8963029187550837,0.33380232831884105,1.1134022933144985,-0.7878814059165347,213.71040901067107,2.1563973007232562e-07,0.08853881061077118,False,1209.0
IEI,SHY,fixed_income,us_bonds,short_treasury__treasury,related_subgroup,2512,0.9082407458640347,True,2512,-1.1438749655943403,0.8719913031836826,-1.1431996534982012,0.6975406902427533,0.9186399615216185,0.7343667674803669,476.9930402814076,-1.1161634461132053e-07,0.028785957023501396,False,1217.0
CQQQ,TDIV,equity,sector,technology,same_subgroup,2512,0.510622883190585,True,2512,-2.1348877269404514,0.4581496949134357,-2.134821998380053,0.23074491859996443,-0.027189984734499406,3.9716399285242883,185.9058282348284,5.1632049746785924e-08,0.2500295341014862,False,1220.0
PPH,VHT,cross_asset,sector__industry,healthcare__pharmaceuticals,sector_industry,2512,0.8886841934040801,True,2512,-1.886495762695817,0.5868400766570174,-1.8862465575711558,0.33855856700379344,0.8718970854833605,-0.4254305409585335,301.30774740694415,-8.807820250922305e-08,0.08129622787237167,False,1231.0
KBWB,KRE,equity,industry,banks,same_subgroup,2512,0.9443606291330404,True,2512,-1.8497532851720715,0.6052558015377776,-1.8489867260081598,0.35642638218863654,1.2159200914158497,-0.8504455722877999,192.79574952269206,9.263396805181401e-08,0.10180023312568665,False,1235.0
GSG,PDBC,commodity,broad_commodities,broad,same_subgroup,2512,0.9500807703557836,True,2512,-1.8559094523109854,0.602189412708273,-1.8544981769965199,0.35375979712375005,0.9410210298715569,0.692662463605318,310.1349003839205,-6.8336536429569605e-09,0.07421357184648514,False,1237.0
FDVV,XMHQ,equity,factor,quality__dividend,related_subgroup,2512,0.8488765189937064,True,2512,-1.5200820373666057,0.7534111698066563,-1.5190987024803948,0.5240432195122298,0.9527971393883796,-0.5082782843251685,181.76924766167184,1.4046953822344221e-07,0.06903521716594696,False,1239.0
CQQQ,RSPT,equity,sector,technology,same_subgroup,2512,0.531473912990973,True,2512,-2.0940354855563563,0.47948539565443726,-2.093914736649401,0.24696854648167488,0.004133766465665323,3.853556783271877,191.43940925088515,-9.111538190609281e-08,0.2502999007701874,False,1241.0
SCHR,SHY,fixed_income,us_bonds,short_treasury__treasury,related_subgroup,2512,0.882196516774276,True,2512,-1.2046660779443028,0.8566749008202872,-1.2040262313663452,0.671861335103534,0.9139479074116572,-0.8031759445416213,448.43176894644415,9.870832684555353e-08,0.0343860425055027,False,1242.0
ARGT,COPX,equity,global_equity,global,same_subgroup,2512,0.5316986080712518,True,2512,-2.1154415237275215,0.4682983628641611,-2.115022065118637,0.23851721340574739,0.8956065294996601,0.5829182032495366,209.10648950152657,7.441089167059545e-08,0.24156862497329712,False,1248.0
XMHQ,XMMO,equity,factor,momentum__quality,related_subgroup,2512,0.8611112778398841,True,2512,-1.73817956507337,0.6592356363504464,-1.738894996500206,0.41119216354948096,0.7878104120785114,0.7728354832359718,203.20753095453293,1.0326409949357185e-07,0.08350446075201035,False,1250.0
ARKQ,FDN,cross_asset,sector__industry,technology__internet,sector_industry,2512,0.8058340641476746,True,2512,-2.0195059915043587,0.518424733963318,-2.019079510517202,0.27827056154850804,1.3488293102130222,-2.961438610838224,208.40806570939728,2.5512306933705986e-07,0.15804767608642578,False,1252.0
FVD,HDV,equity,factor,dividend,same_subgroup,2512,0.9200920230109575,True,2512,-1.4014380767834995,0.7970198888357299,-1.400480724018799,0.5820456316983293,0.9120204581440943,0.9401669000106825,304.6475665263722,-1.3667307285913921e-08,0.05029621720314026,False,1255.0
CQQQ,QTEC,equity,sector,technology,same_subgroup,2512,0.5672284885014343,True,2512,-2.0587732979506512,0.4979239342538104,-2.0584014126439194,0.2615670546698346,0.03214157320945121,3.712138641633235,197.5858200236264,-1.2148717587479041e-08,0.24985644221305847,False,1263.0
CQQQ,PTF,equity,sector,technology,same_subgroup,2512,0.48764465761309705,True,2512,-2.0516905682382105,0.501625807554672,-2.051504804947345,0.26445622001759184,0.02908427168781147,3.7615065798318112,197.20588629753598,3.03717939686976e-08,0.24974893033504486,False,1265.0
PSI,XSD,equity,industry,semiconductors,same_subgroup,2512,0.9602711197870408,True,2512,-1.8403683947963767,0.6099146498002009,-1.8382122756954318,0.36166207925833316,1.030324679732431,-1.635833741174273,280.5090178319606,-9.870832684555353e-08,0.08380210399627686,False,1265.0
EDV,TLT,fixed_income,us_bonds,long_treasury__treasury,related_subgroup,2512,0.9824891960675413,True,2512,-0.32184206449230995,0.974852886147364,-0.29010622466675007,0.926893945259509,1.4515769925008168,-2.2273159976384296,256.2804173822183,1.0857916521445077e-07,0.03268418461084366,False,1266.0
ARKQ,PTF,equity,sector,technology,same_subgroup,2512,0.8011730962102724,True,2512,-1.9613997361253057,0.5485753047250966,-1.9610737039041315,0.3038972790678578,0.8069459712400986,1.0152812330821614,227.1881086871272,0.0,0.15231706202030182,False,1267.0
PSI,QTEC,cross_asset,sector__industry,technology__semiconductors,sector_industry,2512,0.907061874089568,True,2512,-1.8239271265528083,0.6180286769192915,-1.8220992627395167,0.369546523906695,1.350940886867059,-3.00407947272425,199.7722883567297,-1.5945191478294873e-07,0.11819416284561157,False,1269.0
MTUM,SPHQ,equity,factor,momentum__quality,related_subgroup,2512,0.8817496699367344,True,2512,-1.7741788307931656,0.6421774521074063,-1.7736308093730921,0.393629597615631,0.9373652675071433,1.452334533437024,239.16202697971013,3.189038366713248e-08,0.08356640487909317,False,1270.0
FDVV,SPLV,equity,factor,minimum_volatility__dividend,related_subgroup,2512,0.8122755722763451,True,2512,-1.7377141827405393,0.6594536964308929,-1.7348560555415613,0.4132489345787873,1.5081966013446988,-2.542574905418105,198.97168777334332,1.2908012436696481e-08,0.09222298115491867,False,1270.0
DGRO,NOBL,equity,factor,same_group_corr,same_group_corr,2512,0.956186210384647,True,2512,-1.056058836407769,0.8916888909013412,-1.0524241612091914,0.7336671692739775,1.1952487914043874,-0.5814133047077288,287.1262197185043,-1.56035085296935e-07,0.04519876837730408,False,1274.0
USRT,VNQ,equity,sector,real_estate,same_subgroup,2512,0.9884502538084785,True,2512,-0.7521173509034508,0.9407121570299434,-0.7495176916234522,0.8335031942071882,1.0799811022193246,-0.8164195349875225,397.4972113980755,3.07514405051279e-08,0.03136110305786133,False,1278.0
CRAK,UNG,commodity,energy,energy_commodity,same_subgroup,2512,0.11428510414672141,True,2512,-2.0304901745828263,0.5126967547114649,-2.026245011539121,0.2751854377462521,-0.25906611798582346,4.235176516774528,229.64620776647797,-9.415256130296257e-08,0.18912072479724884,False,1279.0
IEI,TFLO,fixed_income,us_bonds,treasury,same_subgroup,2512,0.003413600680344884,True,2512,-1.3226577634473373,0.8227940365083647,-1.3223931612725548,0.6188661705012113,0.43359517418098825,3.0485626688260083,446.808557462265,-1.2072787569650245e-07,0.0445718877017498,False,1281.0
TLT,VGLT,fixed_income,us_bonds,long_treasury,same_subgroup,2512,0.9936819651446577,True,2512,-0.06821815832927178,0.9841836293138528,-0.040802377315635525,0.9550248456038555,1.0941502433344055,0.10107049702100923,358.86945646576066,3.340897194448189e-07,0.014700056985020638,False,1281.0
GDXJ,GSLC,commodity,metals,gold,same_subgroup,2512,0.27989067179459054,True,2512,-1.8207414700603057,0.6195935757266111,-1.8191770649418377,0.37098323107980413,0.83849776720721,0.12183954723598145,133.7603591559708,6.985512612800449e-08,0.2664739787578583,False,1289.0
IEO,UNG,commodity,energy,energy_commodity,same_subgroup,2512,0.17587535831880607,True,2512,-2.0703049769686714,0.4918947162053225,-2.069522142567599,0.25694513488208637,-0.3179407723786607,5.305433610694919,237.21257780661628,-1.457846110497485e-07,0.33528754115104675,False,1293.0
SCHR,TFLO,fixed_income,us_bonds,treasury,same_subgroup,2512,-0.002491118252482619,True,2512,-1.4290816758976066,0.7873711284347149,-1.4287980128150488,0.568394798833065,0.401062703451772,1.6133242029581538,427.44806157951973,6.22621740831164e-08,0.04954368993639946,False,1294.0
FDN,TDIV,cross_asset,sector__industry,technology__internet,sector_industry,2512,0.7895789433106325,True,2512,-1.9583824319022816,0.5501318848493312,-1.958515422565557,0.30505345342674983,0.7019725609572298,2.399457009676123,257.0743643343907,9.415256130296257e-08,0.15667463839054108,False,1296.0
DBC,GSG,commodity,broad_commodities,broad,same_subgroup,2512,0.9575307324229867,True,2512,-1.8044471154802426,0.6275594815188916,-1.806330284946077,0.3773234428358046,1.0043104426821887,-0.06687049701690029,349.16352718113643,-1.746378188727249e-07,0.07812715321779251,False,1296.0
GOVT,TFLO,fixed_income,us_bonds,treasury,same_subgroup,2512,-0.0107593626909296,True,2512,-1.4345174546914508,0.785436945605894,-1.4343074528164974,0.5657227206728997,0.21475748462863642,2.258404730273419,372.45531651918833,-9.87083303982672e-09,0.054200634360313416,False,1298.0
IYM,XLB,equity,sector,materials,same_subgroup,2512,0.9758669385879045,True,2512,-0.9800484967750173,0.9065663126908168,-0.9791413767466064,0.7607957842126889,0.9657681067129338,1.3158520315316231,431.8952462656008,-1.0611145029315594e-07,0.0378742516040802,False,1300.0
TDIV,XSD,cross_asset,sector__industry,technology__semiconductors,sector_industry,2512,0.8709501332420753,True,2512,-1.7772486927397737,0.6407059515014598,-1.777013149099509,0.3919322556514777,0.6813529341015652,0.47295683413564404,251.82901257395426,6.605865365827412e-08,0.10343519598245621,False,1303.0
AAXJ,EFA,cross_asset,single_country__international_equity,japan__developed_ex_us,country_region,2512,0.7867546584783678,True,2512,-1.5980799474716092,0.7216997299186325,-1.5968888712500218,0.4851561216518175,0.7544927829342067,1.1042115885416912,202.60382874514974,1.0933845828731137e-07,0.09395293146371841,False,1303.0
IEF,SCHR,fixed_income,us_bonds,treasury,same_subgroup,2512,0.9734506253956601,True,2512,-0.5048298803071718,0.9639859445963775,-0.48942543972212965,0.8940635841827743,1.101840213608292,1.06158588151375,943.4533328860991,-1.5945191478294873e-07,0.027913255617022514,False,1308.0
IEF,VGIT,fixed_income,us_bonds,treasury,same_subgroup,2512,0.9760468232826791,True,2512,-0.5064278373362212,0.9638708064606438,-0.5037785117862321,0.891277033713856,1.1028049845126304,0.09746615751502219,1028.81145425816,3.340897336556736e-08,0.027951976284384727,False,1310.0
IVE,USMV,equity,factor,same_group_corr,same_group_corr,2512,0.9064830745964549,True,2512,-1.5287488654906087,0.7500038207574453,-1.5282355891292345,0.5195002460406244,1.1183768137783994,0.2176004913688736,348.038697098634,-6.0743587937395205e-09,0.06671380996704102,False,1315.0
IEF,IEI,fixed_income,us_bonds,treasury,same_subgroup,2512,0.9632436731814721,True,2512,-0.675336118076397,0.9492346612178629,-0.6733189651818773,0.8535400243850368,1.1132895682319788,-0.7083410377199542,790.2630085685914,-4.4039101254611523e-08,0.033294595777988434,False,1326.0
DGRW,MTUM,equity,factor,growth__momentum,related_subgroup,2512,0.8204028336180824,True,2512,-1.591649785343572,0.7244015799276932,-1.5893799241396538,0.48892611937363967,0.9422544645687301,-0.7074735435596331,250.62822772031052,-1.1541281708105089e-07,0.0946187749505043,False,1335.0
KBWB,XLF,cross_asset,sector__industry,financials__banks,sector_industry,2512,0.9441034004437425,True,2512,-1.813533420038767,0.6231254269167087,-1.8119239885484768,0.37455803974695506,0.765272584123954,1.2536838439911246,313.429848794271,1.2604294852280873e-07,0.12310583889484406,False,1336.0
KBWB,VFH,cross_asset,sector__industry,financials__banks,sector_industry,2512,0.9549983102801386,True,2512,-1.7837695881548568,0.6375717851148276,-1.7821786496432166,0.3893447018572191,0.7844279837322203,0.48710351158405274,323.6277135628564,-2.4297435174958082e-08,0.11696688830852509,False,1342.0
IJJ,IVLU,equity,factor,value,same_subgroup,2512,0.7886564740130486,True,2512,-1.7241835388784152,0.665765136450793,-1.7231431673822761,0.4192295914000696,0.9465350998949322,1.5568377244636604,284.31593013915034,1.3059870695997233e-07,0.11792822927236557,False,1343.0
FXU,VPU,equity,sector,utilities,same_subgroup,2512,0.9486594736053251,True,2512,-1.212413741327717,0.8546203519627105,-1.2117902446941107,0.6685033933240345,0.9963069230181305,-1.4514925431072179,354.1025415980355,1.2680223449024197e-07,0.05671517178416252,False,1345.0
IEF,TFLO,fixed_income,us_bonds,treasury,same_subgroup,2512,-0.00874065960916843,True,2512,-1.433144929546494,0.7859264650098334,-1.4328620772700291,0.566424215103493,0.10564939137233864,4.104972906909424,372.69520664574327,7.5929484921744e-08,0.06839605420827866,False,1356.0
CQQQ,IBB,equity,sector,technology,same_subgroup,2512,0.4321263582964106,True,2512,-1.8607460531992772,0.5997747013106448,-1.8602733489293792,0.35097422131705863,0.4739031063951371,1.5748415253039276,221.26442419984076,-3.644615276243712e-08,0.23433347046375275,False,1359.0
SCHH,VNQI,equity,sector,real_estate,same_subgroup,2512,0.6995693419707382,True,2512,-1.467518258358393,0.7734355653772207,-1.4647132239118479,0.5508894318813287,0.6882910819411907,0.34571153311243386,211.86755974653414,9.718974069983233e-08,0.11293584108352661,False,1359.0
EFA,EWG,cross_asset,single_country__international_equity,germany__developed_ex_us,country_region,2512,0.9363164436833017,True,2512,-1.5196345653353167,0.7535862882954876,-1.519166377505436,0.5240096009826551,0.9917720329103199,0.8568919939632753,365.9975987557618,-1.457846110497485e-07,0.07695860415697098,False,1364.0
FDVV,USMV,equity,factor,minimum_volatility__dividend,related_subgroup,2512,0.8836064418909731,True,2512,-1.5007482025977668,0.7609050585359403,-1.5001910094479638,0.533416847151791,1.2847345769095613,-1.90118142801132,337.1197363806686,-8.807820250922305e-08,0.08158782124519348,False,1366.0
BOTZ,ROBO,equity,industry,robotics,same_subgroup,2512,0.9465218929213497,True,2512,-1.2987041952640188,0.8301263008170732,-1.297943719498959,0.6301125386332735,0.9505817320256007,-0.462529619331395,318.21075357805137,3.644615276243712e-08,0.07246395945549011,False,1366.0
SMH,XSD,equity,industry,semiconductors,same_subgroup,2512,0.9396261555256015,True,2512,-1.8039215174434855,0.6278153407162794,-1.8033789891979985,0.3787854144151071,1.2358688672346791,-1.467121752671808,277.9135407455076,1.6248910128524585e-07,0.1540575474500656,False,1367.0
IEF,SHY,fixed_income,us_bonds,short_treasury__treasury,related_subgroup,2512,0.8125180754301858,True,2512,-1.275306734847774,0.8370630984501577,-1.2747718508588486,0.6406337531181191,0.6725342871094,1.6135423417583752,416.5926791222862,2.7334614571827842e-08,0.06008477509021759,False,1368.0
RSPT,SKYY,cross_asset,sector__industry,technology__cloud,sector_industry,2512,0.8541914292016899,True,2512,-1.727156562221646,0.6643831135221636,-1.7263711465227092,0.41757903465111507,1.1101964600508194,-1.6074923241331067,285.6927802928226,-4.8594870349916164e-08,0.1391693651676178,False,1370.0
FDN,QTEC,cross_asset,sector__industry,technology__internet,sector_industry,2512,0.8792649172502758,True,2512,-1.656078738298409,0.6966504377269233,-1.6557481004509287,0.45404437101438383,0.684889384699561,1.818658192468611,317.24553431892866,-1.1844999647792065e-07,0.12155845016241074,False,1372.0
ARKQ,SMH,cross_asset,sector__industry,technology__semiconductors,sector_industry,2512,0.7930654181072098,True,2512,-1.9170137223407862,0.5713533809297675,-1.9178460346534434,0.3237129040807579,0.5732827755463957,1.2486960856871754,340.1170518918312,-1.822307638121856e-08,0.19668452441692352,False,1373.0
STIP,TIP,fixed_income,inflation_linked,tips,same_subgroup,2512,0.8523217436708798,True,2512,-0.6870829549866609,0.9480143543791196,-0.6839326244488885,0.8508675704422723,1.0298697488903237,-0.2618864884540244,553.9920313092236,-1.0174550624242329e-07,0.042873356491327286,False,1373.0
FCG,XOP,commodity,energy,energy_commodity,same_subgroup,2512,0.9717097609640774,True,2512,-1.5512200711907196,0.7410322526837008,-1.550118407908443,0.5085890492819412,1.1855940000875336,-2.7052798555703172,262.39223979923435,1.3667306575371185e-07,0.12139271944761276,False,1378.0
ARKQ,XSD,cross_asset,sector__industry,technology__semiconductors,sector_industry,2512,0.8244045801350399,True,2512,-1.8640023748870886,0.5981462339056047,-1.8638878004086694,0.34923537500842994,0.7363895578172941,0.2689028764023149,347.97450260826815,-3.0371793968697602e-09,0.17636120319366455,False,1389.0
HDV,USMV,equity,factor,minimum_volatility__dividend,related_subgroup,2512,0.8749667360305006,True,2512,-1.2463503291368079,0.8453423537564724,-1.2458252089479838,0.6535789682929956,0.8809230400075361,-0.851028030139485,387.00976006912083,-2.3538140325740642e-08,0.06763044744729996,False,1390.0
SHY,VGIT,fixed_income,us_bonds,short_treasury__treasury,related_subgroup,2512,0.8826633742814011,True,2512,0.15573900384562767,0.9889316297551826,0.16207439404150295,0.9700524194317837,0.6981281384029883,1.5071730792813725,16733.96286979208,-8.124455064262293e-08,0.030002214014530182,False,1390.0
IEF,VGLT,fixed_income,us_bonds,long_treasury__treasury,related_subgroup,2512,0.9212444210792551,True,2512,-0.4357687831856337,0.9686025340185571,-0.41503106304718634,0.9075587167332222,0.39725950015684086,2.875576604463525,1165.0887840794544,9.415256130296257e-08,0.03813833370804787,False,1394.0
ARKQ,SOXX,cross_asset,sector__industry,technology__semiconductors,sector_industry,2512,0.7962122540299579,True,2512,-1.8760065245157178,0.592124618402227,-1.8757048226657878,0.34357520766356475,0.6504190052860312,0.8420990043946803,361.51259616147337,8.504102311235329e-08,0.18599876761436462,False,1397.0
AAXJ,DBEF,cross_asset,single_country__international_equity,japan__developed_ex_us,country_region,2512,0.7308807864733587,True,2512,-1.4781065480297149,0.7694911799327517,-1.4772610165958138,0.5447285077584026,0.4978834798482601,2.552227839883672,265.48213295904014,1.4274742454745137e-07,0.1246509850025177,False,1402.0
FDN,RSPT,cross_asset,sector__industry,technology__internet,sector_industry,2512,0.8455298162217674,True,2512,-1.6580158328146735,0.6957932850772621,-1.6576944018761126,0.45303072075730433,0.6721557505917839,2.9852439642311692,321.1015063123567,-2.7334614571827842e-08,0.14329493045806885,False,1403.0
IEF,TLT,fixed_income,us_bonds,long_treasury__treasury,related_subgroup,2512,0.9118759938317252,True,2512,-0.5495401531968026,0.960611906575984,-0.5317325213384841,0.8856739493193924,0.3382165562374748,2.9527972223615677,1279.4420636985794,1.0706057196330221e-07,0.0431680902838707,False,1412.0
CQQQ,KWEB,cross_asset,sector__industry,technology__internet,sector_industry,2512,0.908760727309215,True,2512,-1.5569421116880322,0.7387164196418321,-1.554854841187665,0.5062222505108283,0.7219405373134551,1.300679231379438,341.8532784666882,9.111538190609281e-08,0.1271522045135498,False,1414.0
PBW,VDE,equity,sector,energy,same_subgroup,2512,0.43868570056230416,True,2512,-1.8767174777996507,0.5917670963986488,-1.881335944838514,0.3408915629836377,-0.28475327616825363,4.655102826769898,335.65750237927904,3.644615276243712e-08,0.4762791097164154,False,1416.0
BLV,BNDX,fixed_income,bonds,broad_bond,same_subgroup,2512,0.7359827251791743,True,2512,-1.2247812478927214,0.8512918915072921,-1.1162084698774977,0.7085650627724798,1.4218871746776118,-1.1721940761058285,348.6447302032321,-1.670448668278368e-08,0.07812035083770752,False,1420.0
EDV,TFLO,fixed_income,us_bonds,treasury,same_subgroup,2512,-0.024354929598958228,True,2512,-1.6493974673765537,0.6995969062643377,-1.6490896308743983,0.45751525246520147,-2.0854331010562,12.274608624069948,286.04137792745604,-3.340897194448189e-07,0.17953693866729736,False,1430.0
PBW,XLE,equity,sector,energy,same_subgroup,2512,0.4248336771350855,True,2512,-1.8617407095507283,0.5992775100994217,-1.866629774690441,0.34791861349384823,-0.26109002058982256,4.2784402956225325,343.8867331715051,-2.065281989871437e-07,0.4784996211528778,False,1431.0
IGSB,LQD,fixed_income,credit,investment_grade,same_subgroup,2512,0.8029534643811553,True,2512,-0.3824433533185997,0.9717230543280952,-0.3649360027909048,0.9157906557252853,0.7238297796160942,0.4831394563696634,801.1709072483947,-1.761564050184461e-07,0.045786187052726746,False,1433.0
EDV,GBIL,fixed_income,us_bonds,treasury,same_subgroup,2512,0.1291264047074618,True,2512,-1.6014758768836184,0.720266625066929,-1.6011686139315986,0.4830064093184349,-2.102390491907853,13.791028498069707,302.23172348785454,6.438820037146797e-07,0.1857009381055832,False,1446.0
GOVT,VGLT,fixed_income,us_bonds,long_treasury__treasury,related_subgroup,2512,0.9130886660385761,True,2512,0.16407627834725072,0.9890645228644875,0.19246970451032508,0.9718360658965127,0.286880680904422,1.8918073488577543,2431.2704536648826,6.757723980399533e-08,0.03818095847964287,False,1446.0
IYF,KBWB,cross_asset,sector__industry,financials__banks,sector_industry,2512,0.9323490127017331,True,2512,-1.6282277162592402,0.708829524420193,-1.6278451057483188,0.4686188710332933,1.0774666336575311,0.07061496603370898,407.5158497709385,1.5793332863722753e-07,0.15126942098140717,False,1451.0
ARKQ,PSI,cross_asset,sector__industry,technology__semiconductors,sector_industry,2512,0.7905392647054205,True,2512,-1.604221058456049,0.7191050264488028,-1.6038755235493671,0.48164639585061575,0.7079632992945899,1.4616213540615872,326.3081103550779,3.948333215930688e-08,0.17741616070270538,False,1452.0
HDV,SPLV,equity,factor,minimum_volatility__dividend,related_subgroup,2512,0.8681516846506975,True,2512,-1.0100480946451011,0.9009248860258607,-0.9985691792304792,0.7537858023873956,1.0420362928966962,-1.3220602584030514,577.8045517254784,-3.8724035533732604e-08,0.0675932914018631,False,1453.0
GOVT,TLT,fixed_income,us_bonds,long_treasury__treasury,related_subgroup,2512,0.9047749948477057,True,2512,-0.10039748810757486,0.9832753157977624,-0.08163198532554426,0.9512376035872627,0.23794212114473168,1.9764451136957621,2114.140238471154,6.454006040712557e-08,0.04180053621530533,False,1454.0
DBEF,EWG,cross_asset,single_country__international_equity,germany__developed_ex_us,country_region,2512,0.8554635092016156,True,2512,-1.581946515500323,0.7284495023943595,-1.5818120342893272,0.4927231602409662,1.2059188686162554,-0.6283974023414842,382.55324756180255,-1.1541281708105089e-07,0.15372924506664276,False,1460.0
SCHR,TLT,fixed_income,us_bonds,long_treasury__treasury,related_subgroup,2512,0.8295526120964677,True,2512,-0.52175523975773,0.962746245134317,-0.5052927802539559,0.8909795008945947,0.16597913510049178,2.3624344054487896,2389.1561998834386,3.340897336556736e-08,0.05065654590725899,False,1462.0
ARKQ,TDIV,equity,sector,technology,same_subgroup,2512,0.7935508690562835,True,2512,-1.661442302892815,0.6942739342559783,-1.6611552933398865,0.45122930269624173,1.0287852576162715,-0.04146234414649008,353.8643625455014,1.9134229489736754e-07,0.19803105294704437,False,1464.0
FCG,UNG,commodity,energy,energy_commodity,same_subgroup,2512,0.2325303437844465,True,2512,-1.7081988333911418,0.6731488180044365,-1.7088141089349485,0.4265770002653284,-0.21242946172968635,3.620354162718612,308.0950133355571,-6.0743587937395205e-09,0.4138508141040802,False,1466.0
FCOM,HYD,fixed_income,municipal,national_muni,same_subgroup,2512,0.2794403373126507,True,2512,-0.8891999476075502,0.9219286039132449,-0.8841209634871721,0.7931566268366743,2.5235974740498026,-5.934398891573101,148.81500816279012,2.1260255778088322e-07,0.20658762753009796,False,1474.0
VGIT,VGLT,fixed_income,us_bonds,long_treasury__treasury,related_subgroup,2512,0.8479364889758627,True,2512,-0.2585460561120654,0.9777021630805057,-0.22328199823873748,0.9356889654248576,0.21314241082579022,3.12155523572169,3158.3163435480383,-8.959678865494425e-08,0.04801969602704048,False,1479.0
IQLT,IVLU,equity,factor,same_group_corr,same_group_corr,2512,0.9028369675588694,True,2512,-1.3082963243608343,0.8272182116912629,-1.3083862701925033,0.625326904472802,0.8396274644152415,0.8240109072882777,574.3846551463613,1.1844999647792065e-07,0.10021844506263733,False,1480.0
ARKQ,QTEC,equity,sector,technology,same_subgroup,2512,0.8467377316219316,True,2512,-1.4873628494296829,0.7660059139262925,-1.4870398948064272,0.5399124985645855,0.9861093662328484,-0.8078756381442478,348.8202410417729,-5.1632049746785924e-08,0.1609056442975998,False,1482.0
SCHR,VGLT,fixed_income,us_bonds,long_treasury__treasury,related_subgroup,2512,0.8424582606083595,True,2512,-0.24894281880305316,0.9781002986712968,-0.21360105566779194,0.9368808698364747,0.21360981241761823,2.2481298230581777,3231.148733357479,-3.11310870415582e-08,0.04805436357855797,False,1483.0
IEI,VGLT,fixed_income,us_bonds,long_treasury__treasury,related_subgroup,2512,0.8121731562642668,True,2512,-0.2451682667730749,0.9782544514645661,-0.2078132894725915,0.9375838632819539,0.17435864341400098,3.9665932295650705,4058.7631811441006,-5.3150639445220804e-09,0.04788774251937866,False,1483.0
REET,VNQI,equity,sector,real_estate,same_subgroup,2512,0.8042833329241356,True,2512,-1.067428547001342,0.8892944065515329,-1.0632374090727799,0.7295076220091615,0.7756607519905847,0.16383055158051363,386.7171836882715,3.340897336556736e-08,0.10775216668844223,False,1497.0
IVE,NOBL,equity,factor,value__dividend,related_subgroup,2512,0.9470640342501921,True,2512,-0.7903112084328507,0.9359651435692642,-0.7860670172104822,0.8231805551337446,1.0877837561900723,0.9436714477281072,1089.5594743942465,-2.255105613357955e-07,0.06842008233070374,False,1500.0
IVE,IVLU,equity,factor,value,same_subgroup,2512,0.8146881237520038,True,2512,-1.3069102761590345,0.8276407425986901,-1.3066990827370515,0.6261019292540158,1.0542282057740855,1.6181874728910017,470.19299433062343,1.0326409949357185e-07,0.12971651554107666,False,1502.0
EDV,VGLT,fixed_income,us_bonds,long_treasury__treasury,related_subgroup,2512,0.9836391441690852,True,2512,-0.11101736807530878,0.9829605414155718,-0.060089045379938325,0.9532715558282612,1.5676360038603985,-1.996201321897356,1492.2330961685102,-8.200384371548353e-08,0.05361812561750412,False,1508.0
IEO,XOP,commodity,energy,energy_commodity,same_subgroup,2512,0.9662147668349773,True,2512,-1.650079143898937,0.6992969936828209,-1.675078400740938,0.4439964029545913,1.0111492595586298,-0.6090044789348861,630.703879469848,-1.1541281708105089e-07,0.21027879416942596,False,1510.0
BLV,BND,fixed_income,bonds,broad_bond,same_subgroup,2512,0.9134421651762007,True,2512,-0.43163912654709846,0.9688573669171224,-0.42743961909143763,0.905415553529126,1.4547765596245998,-1.893795793975265,953.1555157678331,3.1890382956589747e-07,0.06679629534482956,False,1520.0
FCG,USO,commodity,energy,energy_commodity,same_subgroup,2512,0.6147222678921256,True,2512,-1.6250100070440057,0.7102188994038374,-1.6245347460799304,0.47035271613265295,0.7230711049496229,-0.2841303167163578,467.7907822246405,4.8594870349916164e-08,0.35753801465034485,False,1526.0
BLV,BOND,fixed_income,bonds,broad_bond,same_subgroup,2512,0.8559870647476115,True,2512,-0.5768250112781553,0.9583905081259866,-0.5741184091185593,0.8767236227962495,1.2051512555702626,-1.0836383553135889,561.3785749514035,7.744807106746521e-08,0.0777309387922287,False,1526.0
REMX,XME,commodity,metals,metals,same_subgroup,2512,0.6362684102577841,True,2512,-1.5237216242490519,0.7519838780050642,-1.5234126635013272,0.5218992812688742,0.4533593149512638,2.3232987979707875,371.76663467787245,1.4274742454745137e-07,0.3109011650085449,False,1529.0
ARKQ,RSPT,equity,sector,technology,same_subgroup,2512,0.8399942831705992,True,2512,-1.422100156908679,0.7898375671122588,-1.421788219644226,0.5717871542475546,0.9842631917245634,0.8196498901857776,412.9947535619256,-3.0371793968697602e-09,0.175905242562294,False,1531.0
FDVV,NOBL,equity,factor,dividend,same_subgroup,2512,0.905993608195291,True,2512,-0.7383278592713659,0.9423404184212334,-0.735564287823354,0.837321308834405,1.24582549428596,-1.0535579023901622,509.1503907203806,-1.5337755598920921e-07,0.08775334060192108,False,1538.0
IYF,KRE,cross_asset,sector__industry,financials__banks,sector_industry,2512,0.8577706938330935,True,2512,-1.431993336966585,0.7863365926630708,-1.4315979876489844,0.5670374417007586,1.1666816371837683,-0.28831482352891413,383.10469545971023,-4.2520511556176643e-08,0.226514533162117,False,1543.0
IYR,VNQI,equity,sector,real_estate,same_subgroup,2512,0.7099959790027239,True,2512,-1.1471557399456316,0.8712006182683105,-1.1461484958034112,0.6963221621749796,0.7189787622291623,1.6796465326829395,402.891299350557,3.644615276243712e-08,0.15508118271827698,False,1549.0
IYR,MORT,equity,sector,real_estate,same_subgroup,2512,0.6856551228165997,True,2512,-1.2445047185884994,0.8458586727423357,-1.2431725237940654,0.6547538911738672,0.29673710815266663,3.694734911186785,410.36651834720834,1.0933845828731137e-07,0.16665978729724884,False,1552.0
FDVV,IVLU,equity,factor,value__dividend,related_subgroup,2512,0.8311287807524912,True,2512,-1.0700391923837782,0.8887382005171975,-1.068963663412142,0.7272888532016546,1.2276516028841513,-0.343299419832082,511.6152349771898,1.822307638121856e-08,0.14154599606990814,False,1556.0
RWR,VNQI,equity,sector,real_estate,same_subgroup,2512,0.6941556483207018,True,2512,-0.9502403549219806,0.9118854588061023,-0.9458830529844103,0.7724873622759192,0.7299279166556705,1.669234245394632,363.12093109315254,4.2520511556176643e-08,0.1433529406785965,False,1557.0
AAXJ,FXY,equity,single_country,japan,same_subgroup,2512,-0.003829108205267509,True,2512,-1.0688376910005657,0.8889944821065905,-1.0639351675990734,0.7292378523087996,-0.5359537216810963,6.538440017108323,348.89951139454325,-3.006807673955336e-07,0.1733102947473526,False,1559.0
HDV,NOBL,equity,factor,dividend,same_subgroup,2512,0.9117080591751432,True,2512,-0.2370425171097163,0.9785819036639609,-0.233546932634314,0.9344029813866573,0.8520536789137041,-0.2619444451020252,2003.880683218018,6.0743587937395205e-09,0.07320504635572433,False,1574.0
FDN,KWEB,equity,industry,internet,same_subgroup,2512,0.5261867166905849,True,2512,-1.4167265726313283,0.7917223400343651,-1.4215750899233857,0.5718901653686055,-0.005393453163041739,5.129761088139372,480.7992648654863,-1.3363589346226945e-07,0.34226194024086,False,1579.0
VNQ,VNQI,equity,sector,real_estate,same_subgroup,2512,0.7080423014852809,True,2512,-1.013321671101004,0.9002913849513006,-1.01078869053046,0.7493090635946298,0.7000651397987987,1.6856746200723158,421.65683173249744,-3.03717939686976e-08,0.1567889153957367,False,1579.0
IVLU,RDVY,equity,factor,value__dividend,related_subgroup,2512,0.8118555006942983,True,2512,-0.8119249502426953,0.9331185916093736,-0.8105467918480197,0.816004379126082,0.632328158551448,0.7649986914117086,842.4693363876838,3.948333215930688e-08,0.11900662630796432,False,1584.0
IEO,USO,commodity,energy,energy_commodity,same_subgroup,2512,0.6153744604667252,True,2512,-1.3923105865751093,0.8001368092824529,-1.3917299215218402,0.5862344134356732,0.594301517237521,1.5517730133223155,611.7691597194387,-6.07435879373952e-08,0.3609675168991089,False,1596.0
EEMV,EPI,cross_asset,single_country__international_equity,india__emerging_markets,country_region,2512,0.7182443060949592,True,2512,-0.0006241225318135751,0.9858857495710829,0.011823567692873481,0.9594990325667575,0.3447142254980702,2.7687478653480335,779.3380489235265,5.99842948645346e-08,0.0817156657576561,False,1598.0
CRAK,IEO,commodity,energy,energy_commodity,same_subgroup,2512,0.7823499256018878,True,2512,-0.8387404558205739,0.9294189659492248,-0.8360018463611928,0.8083174335948482,0.5751701216464009,0.8942035551447631,497.8449036376023,1.0174550624242329e-07,0.14526034891605377,False,1600.0
UNG,XOP,commodity,energy,energy_commodity,same_subgroup,2512,0.1941824872817766,True,2512,-1.3104921349213676,0.8265472247284013,-1.3101013493183928,0.6245383561795738,-0.5607573996233037,6.408901815398622,521.1944372443246,1.214871758747904e-07,0.7919080257415771,False,1604.0
CRAK,XOP,commodity,energy,energy_commodity,same_subgroup,2512,0.7203574335233052,True,2512,-1.0407423502030968,0.8948435802374879,-1.051562764264506,0.7339968144488058,0.5030993486121283,0.9092457062926673,712.6731816724656,1.0326409949357185e-07,0.21687999367713928,False,1628.0
CRAK,FCG,commodity,energy,energy_commodity,same_subgroup,2512,0.679424895634134,True,2512,-1.0171048522156898,0.8995548181925742,-1.0157485783529379,0.7474771201538978,0.4347996616185782,2.027797402558452,724.8056075132326,-9.111538190609281e-08,0.2063339501619339,False,1631.0
EEMV,INDA,cross_asset,single_country__international_equity,india__emerging_markets,country_region,2512,0.7327993117829072,True,2512,0.25538688192171444,0.9903574334376635,0.4227267059733124,0.9823252298827732,0.44327949038021597,2.321291729405755,3464.9065194158356,-6.8336536429569605e-09,0.08020926266908646,False,1631.0
CRAK,USO,commodity,energy,energy_commodity,same_subgroup,2512,0.45536386118745337,True,2512,-1.1755616077019229,0.8641844657751083,-1.1689657097777104,0.6868014253497268,0.32051200963055193,1.878036452738264,866.3582939551386,1.2148717587479041e-08,0.2572808861732483,False,1633.0
IYE,PBW,equity,sector,energy,same_subgroup,2512,0.44659882738658185,True,2512,-1.10110689019847,0.881933135782444,-1.0972353478292323,0.7161731562610494,-0.17507140514168162,4.058059760366501,647.9225506819779,4.8594870349916164e-08,0.35163766145706177,False,1637.0
USRT,VNQI,equity,sector,real_estate,same_subgroup,2512,0.7000381471718112,True,2512,-0.7700288953241339,0.938530067789606,-0.7651110117265735,0.8291562854609167,0.7166930698796237,1.1501993908914372,565.9247417642491,7.896666431861377e-08,0.17404630780220032,False,1641.0
EEM,EPI,cross_asset,single_country__international_equity,india__emerging_markets,country_region,2512,0.6906538644190471,True,2512,-0.338607444839477,0.9740285181828154,-0.3293228953348897,0.9212474371234247,0.38258636949088176,2.3872359768394267,616.6415437051462,1.3059870695997233e-07,0.14059020578861237,False,1645.0
EEM,INDA,cross_asset,single_country__international_equity,india__emerging_markets,country_region,2512,0.7013802869847247,True,2512,-0.3712753313248907,0.9723317132449051,-0.3688718493163182,0.9151677718939378,0.4955440187694158,1.8776072472852885,1090.6317720331037,2.1260255778088322e-08,0.1387319713830948,False,1653.0
FENY,PBW,equity,sector,energy,same_subgroup,2512,0.4371225478711284,True,2512,-1.020296252641819,0.8989297469400375,-1.016242475132365,0.7472942305543795,-0.18225608583851605,3.3963058957364693,758.617714550267,1.0933845828731137e-07,0.37409213185310364,False,1656.0
IXC,PBW,equity,sector,energy,same_subgroup,2512,0.44155331490072747,True,2512,-0.9437316099111257,0.9130099178128537,-0.9380794017973989,0.775173888436633,-0.13870747941536588,3.794303479696496,799.2086370359617,2.4297435174958082e-08,0.33075401186943054,False,1668.0
TLT,VGIT,fixed_income,us_bonds,long_treasury__treasury,related_subgroup,2512,0.8338708319031368,True,2512,-0.30394403627849,0.9756997408324526,-0.28572321477244217,0.927502154613292,1.2783749038491283,-0.5240486312018895,1120.4383605157484,1.4274742454745137e-07,0.14064337313175201,False,1668.0
EEMV,FXI,cross_asset,single_country__international_equity,china__emerging_markets,country_region,2512,0.7367070684665697,True,2512,-0.058331914216875815,0.984449462166243,-0.00565971377727847,0.9580615214600725,0.18191246179498832,3.3064555644381315,11365.95402505819,-6.681794673113473e-08,0.1326281577348709,False,1691.0
EDV,IEI,fixed_income,us_bonds,treasury,same_subgroup,2512,0.7653804541289722,True,2512,-0.4304822422551114,0.9689283468329151,-0.4157906501005882,0.9074287326028597,1.075984387039317,-0.6118968226339163,1156.2284953673395,3.0979228426986083e-07,0.22483746707439423,False,1714.0
ARKQ,CQQQ,equity,sector,technology,same_subgroup,2512,0.5770098326212099,True,2512,-0.5821972181463365,0.9579379325898899,-0.5761732149881891,0.8762755277017988,0.6224325735891185,1.5251619303635267,1636.2149442890689,-1.214871758747904e-07,0.4624216556549072,False,1725.0
UNG,USO,commodity,energy,energy_commodity,same_subgroup,2512,0.12368405092267573,True,2512,-0.5765685896639259,0.9584119830117711,-0.574945669865332,0.8765433802499829,0.12183628897739979,3.276771487427671,1292.5504562843953,-4.8594870349916164e-08,0.8165773749351501,False,1728.0
EDV,VGIT,fixed_income,us_bonds,treasury,same_subgroup,2512,0.8038440145650689,True,2512,-0.22539683252930018,0.9790408884543943,-0.2045090931276972,0.9379820069359166,1.3547424931975085,-0.9870795044859335,1628.1780500552186,-1.822307638121856e-08,0.21902886033058167,False,1741.0
EDV,SCHR,fixed_income,us_bonds,treasury,same_subgroup,2512,0.7993810044088823,True,2512,-0.2215510902387379,0.9791898337730696,-0.20051510631325795,0.9384601902723629,1.355751924547084,0.19044104827424846,1607.3937293642136,7.289230552487425e-08,0.2189771831035614,False,1741.0
EEMV,MCHI,cross_asset,single_country__international_equity,china__emerging_markets,country_region,2512,0.7448886730381662,True,2512,0.1727596064641858,0.989200136014111,0.23312407782302613,0.9740594150161729,0.2717264806322439,2.8706791306893678,,-4.5557690953046404e-08,0.1265948861837387,False,
GBIL,IEI,fixed_income,us_bonds,treasury,same_subgroup,2512,0.21077090875947313,True,2512,0.23766312176131077,0.9901284642492131,0.24245038354373805,0.9745444919153571,0.7401552798378823,0.9907175621983129,,-8.655960925807449e-08,0.05290374159812927,False,
EEM,FXI,cross_asset,single_country__international_equity,china__emerging_markets,country_region,2512,0.8065763573092544,True,2512,0.2754959299879896,0.9906053555052604,0.3423813566615699,0.9792075170678542,0.44466239220581216,2.1385400845637847,,6.07435879373952e-08,0.16803953051567078,False,
EDV,IEF,fixed_income,us_bonds,treasury,same_subgroup,2512,0.8842395253197589,True,2512,0.4136188327461653,0.9920049168828023,0.7486377826233669,0.9907601773346141,2.3087812857352987,-5.971174645690252,,-3.826845897947351e-07,0.16942612826824188,False,
EDV,GOVT,fixed_income,us_bonds,treasury,same_subgroup,2512,0.8868370028467361,True,2512,0.4414468072017315,0.9922301113502063,0.4526283407685934,0.9833598860387796,2.309573670748072,-2.6585254076880425,,1.3363589346226945e-07,0.19245855510234833,False,
GBIL,SCHR,fixed_income,us_bonds,treasury,same_subgroup,2512,0.20536638387292236,True,2512,0.47955214509975463,0.9925113211541999,0.5416604801340975,0.9860858134951193,0.6223041383832228,2.5117093700236772,,-8.959678865494425e-08,0.05603324621915817,False,
BIV,BLV,fixed_income,bonds,broad_bond,same_subgroup,2512,0.8987807410718641,True,2512,0.4838963008787178,0.992541468014327,0.509590165577488,0.9851616852720739,0.4867103059450552,2.175312886994425,,-1.2604294852280873e-07,0.048310112208127975,False,
GBIL,VGIT,fixed_income,us_bonds,treasury,same_subgroup,2512,0.20180833312164145,True,2512,0.5464566627344629,0.9929346869662423,0.5563725678843027,0.9864894382828738,0.6237005406731324,1.963786459734834,,-2.1563973007232562e-07,0.05600861459970474,False,
TFLO,VGIT,fixed_income,us_bonds,treasury,same_subgroup,2512,-0.005375966911755067,True,2512,0.596199350587592,0.9931959479741582,0.604051139532417,0.9877150582995108,0.6159301795467638,1.3039034872096167,,-4.7076280651481284e-08,0.0613008588552475,False,
EEM,MCHI,cross_asset,single_country__international_equity,china__emerging_markets,country_region,2512,0.8218812015701968,True,2512,0.7279371865835778,0.9936910405784475,0.8108357964794665,0.9918090798650205,0.5511653834049124,1.5181706868749574,,-1.0933845828731137e-07,0.15411844849586487,False,
AGG,BLV,fixed_income,bonds,broad_bond,same_subgroup,2512,0.9237839543825687,True,2512,0.9287462778402709,1.0,0.9552649796073897,0.9937707824735298,0.4451301447654552,2.6234452574328415,,8.35224334139184e-09,0.03637177497148514,False,
GBIL,GOVT,fixed_income,us_bonds,treasury,same_subgroup,2512,0.20729596286235563,True,2512,1.6907443310807924,1.0,1.8355053998540942,0.9984168967084963,0.368647848764879,3.324611063575457,,1.3059870695997233e-07,0.06301308423280716,False,
GBIL,IEF,fixed_income,us_bonds,treasury,same_subgroup,2512,0.17859568225168526,True,2512,2.2674486845105615,1.0,4.484651634383989,1.0,0.14753445800043563,3.7908850247050943,,4.8594870349916164e-08,0.06556013971567154,False,
