date,ticker,adj_close
2022-01-03,BNO,21.159999847412109
2022-01-03,OIH,185.46214294433594
2022-01-03,USO,54.830001831054688
2022-01-03,XES,50.371040344238281
2022-01-03,XLE,24.308429718017578
2022-01-03,XOP,89.533302307128906
2022-01-04,BNO,21.450000762939453
2022-01-04,OIH,193.55596923828125
2022-01-04,USO,55.590000152587891
2022-01-04,XES,52.585872650146484
2022-01-04,XLE,25.149581909179688
2022-01-04,XOP,93.376060485839844
2022-01-05,BNO,21.479999542236328
2022-01-05,OIH,190.82044982910156
2022-01-05,USO,55.430000305175781
2022-01-05,XES,51.549755096435547
2022-01-05,XLE,25.145330429077148
2022-01-05,XOP,90.522979736328125
2022-01-06,BNO,21.969999313354492
2022-01-06,OIH,196.52653503417969
2022-01-06,USO,56.889999389648438
2022-01-06,XES,53.232276916503906
2022-01-06,XLE,25.706096649169922
2022-01-06,XOP,93.277984619140625
2022-01-07,BNO,21.959999084472656
2022-01-07,OIH,199.17745971679688
2022-01-07,USO,56.669998168945312
2022-01-07,XES,53.755084991455078
2022-01-07,XLE,26.058708190917969
2022-01-07,XOP,93.349334716796875
2022-01-10,BNO,21.709999084472656
2022-01-10,OIH,199.19625854492188
2022-01-10,USO,56.159999847412109
2022-01-10,XES,53.793102264404297
2022-01-10,XLE,25.977987289428711
2022-01-10,XOP,92.769775390625
2022-01-11,BNO,22.450000762939453
2022-01-11,OIH,207.41227722167969
2022-01-11,USO,58.159999847412109
2022-01-11,XES,55.941410064697266
2022-01-11,XLE,26.861623764038086
2022-01-11,XOP,96.87109375
2022-01-12,BNO,22.700000762939453
2022-01-12,OIH,206.39703369140625
2022-01-12,USO,58.909999847412109
2022-01-12,XES,55.627723693847656
2022-01-12,XLE,26.91259765625
2022-01-12,XOP,97.887519836425781
2022-01-13,BNO,22.489999771118164
2022-01-13,OIH,205.50398254394531
2022-01-13,USO,58.270000457763672
2022-01-13,XES,55.390083312988281
2022-01-13,XLE,26.776655197143555
2022-01-13,XOP,95.9794921875
2022-01-14,BNO,23.170000076293945
2022-01-14,OIH,214.52845764160156
2022-01-14,USO,59.970001220703125
2022-01-14,XES,57.566905975341797
2022-01-14,XLE,27.405393600463867
2022-01-14,XOP,98.9573974609375
2022-01-18,BNO,23.569999694824219
2022-01-18,OIH,211.60490417480469
2022-01-18,USO,60.970001220703125
2022-01-18,XES,56.492755889892578
2022-01-18,XLE,27.515850067138672
2022-01-18,XOP,97.290145874023438
2022-01-19,BNO,23.590000152587891
2022-01-19,OIH,208.1737060546875
2022-01-19,USO,61.049999237060547
2022-01-19,XES,55.494644165039062
2022-01-19,XLE,27.316183090209961
2022-01-19,XOP,96.220230102539062
2022-01-20,BNO,23.420000076293945
2022-01-20,OIH,205.46640014648438
2022-01-20,USO,60.659999847412109
2022-01-20,XES,54.268398284912109
2022-01-20,XLE,27.065536499023438
2022-01-20,XOP,92.992683410644531
2022-01-21,BNO,23.5
2022-01-21,OIH,200.66275024414062
2022-01-21,USO,60.779998779296875
2022-01-21,XES,52.642921447753906
2022-01-21,XLE,26.530263900756836
2022-01-21,XOP,89.64923095703125
2022-01-24,BNO,23.25
2022-01-24,OIH,204.52635192871094
2022-01-24,USO,60.110000610351562
2022-01-24,XES,53.954696655273438
2022-01-24,XLE,26.708683013916016
2022-01-24,XOP,91.26300048828125
2022-01-25,BNO,23.549999237060547
2022-01-25,OIH,215.68472290039062
2022-01-25,USO,60.970001220703125
2022-01-25,XES,56.787425994873047
2022-01-25,XLE,27.745254516601562
2022-01-25,XOP,94.731285095214844
2022-01-26,BNO,23.829999923706055
2022-01-26,OIH,216.60595703125
2022-01-26,USO,61.680000305175781
2022-01-26,XES,56.625835418701172
2022-01-26,XLE,27.698524475097656
2022-01-26,XOP,93.500900268554688
2022-01-27,BNO,23.930000305175781
2022-01-27,OIH,212.75175476074219
2022-01-27,USO,61.860000610351562
2022-01-27,XES,55.295017242431641
2022-01-27,XLE,28.000152587890625
2022-01-27,XOP,93.545478820800781
2022-01-28,BNO,24.049999237060547
2022-01-28,OIH,213.72003173828125
2022-01-28,USO,61.970001220703125
2022-01-28,XES,55.437614440917969
2022-01-28,XLE,27.881200790405273
2022-01-28,XOP,94.526206970214844
2022-01-31,BNO,24.200000762939453
2022-01-31,OIH,212.29112243652344
2022-01-31,USO,62.479999542236328
2022-01-31,XES,55.304527282714844
2022-01-31,XLE,28.004398345947266
2022-01-31,XOP,95.043327331542969
2022-02-01,BNO,24.190000534057617
2022-02-01,OIH,221.06178283691406
2022-02-01,USO,62.529998779296875
2022-02-01,XES,58.127738952636719
2022-02-01,XLE,29.002729415893555
2022-02-01,XOP,99.055496215820312
2022-02-02,BNO,24.219999313354492
2022-02-02,OIH,218.7022705078125
2022-02-02,USO,62.520000457763672
2022-02-02,XES,57.253215789794922
2022-02-02,XLE,29.096197128295898
2022-02-02,XOP,99.715263366699219
2022-02-03,BNO,24.600000381469727
2022-02-03,OIH,215.94793701171875
2022-02-03,USO,63.509998321533203
2022-02-03,XES,56.217079162597656
2022-02-03,XLE,28.820058822631836
2022-02-03,XOP,98.261978149414062
2022-02-04,BNO,25.200000762939453
2022-02-04,OIH,220.34735107421875
2022-02-04,USO,64.910003662109375
2022-02-04,XES,57.633445739746094
2022-02-04,XLE,29.270370483398438
2022-02-04,XOP,99.786590576171875
2022-02-07,BNO,25.069999694824219
2022-02-07,OIH,222.41546630859375
2022-02-07,USO,64.680000305175781
2022-02-07,XES,57.215183258056641
2022-02-07,XLE,29.644208908081055
2022-02-07,XOP,99.1624755859375
2022-02-08,BNO,24.620000839233398
2022-02-08,OIH,217.62120056152344
2022-02-08,USO,63.619998931884766
2022-02-08,XES,55.969932556152344
2022-02-08,XLE,29.006980895996094
2022-02-08,XOP,96.059745788574219
2022-02-09,BNO,24.819999694824219
2022-02-09,OIH,221.15577697753906
2022-02-09,USO,64.169998168945312
2022-02-09,XES,57.044075012207031
2022-02-09,XLE,29.249134063720703
2022-02-09,XOP,98.030174255371094
2022-02-10,BNO,24.719999313354492
2022-02-10,OIH,220.911376953125
2022-02-10,USO,63.959999084472656
2022-02-10,XES,57.044075012207031
2022-02-10,XLE,29.066455841064453
2022-02-10,XOP,98.13714599609375
2022-02-11,BNO,25.690000534057617
2022-02-11,OIH,230.79129028320312
2022-02-11,USO,65.739997863769531
2022-02-11,XES,59.924324035644531
2022-02-11,XLE,29.911855697631836
2022-02-11,XOP,101.59651947021484
2022-02-14,BNO,25.959999084472656
2022-02-14,OIH,225.00059509277344
2022-02-14,USO,66.360000610351562
2022-02-14,XES,58.564998626708984
2022-02-14,XLE,29.206647872924805
2022-02-14,XOP,99.207046508789062
2022-02-15,BNO,25.190000534057617
2022-02-15,OIH,228.35655212402344
2022-02-15,USO,64.279998779296875
2022-02-15,XES,59.258922576904297
2022-02-15,XLE,28.900777816772461
2022-02-15,XOP,98.199562072753906
2022-02-16,BNO,24.850000381469727
2022-02-16,OIH,233.63961791992188
2022-02-16,USO,63.540000915527344
2022-02-16,XES,60.26654052734375
2022-02-16,XLE,29.134431838989258
2022-02-16,XOP,97.65570068359375
2022-02-17,BNO,25.129999160766602
2022-02-17,OIH,230.90411376953125
2022-02-17,USO,64.169998168945312
2022-02-17,XES,59.876796722412109
2022-02-17,XLE,29.087697982788086
2022-02-17,XOP,97.762687683105469
2022-02-18,BNO,25.319999694824219
2022-02-18,OIH,225.62101745605469
2022-02-18,USO,64.739997863769531
2022-02-18,XES,58.469944000244141
2022-02-18,XLE,28.909278869628906
2022-02-18,XOP,96.692756652832031
2022-02-22,BNO,25.829999923706055
2022-02-22,OIH,222.53765869140625
2022-02-22,USO,65.540000915527344
2022-02-22,XES,57.604915618896484
2022-02-22,XLE,28.441963195800781
2022-02-22,XOP,94.749099731445312
2022-02-23,BNO,26.049999237060547
2022-02-23,OIH,223.55291748046875
2022-02-23,USO,66.239997863769531
2022-02-23,XES,57.538383483886719
2022-02-23,XLE,28.735090255737305
2022-02-23,XOP,96.398567199707031
2022-02-24,BNO,26.510000228881836
2022-02-24,OIH,222.74447631835938
2022-02-24,USO,66.339996337890625
2022-02-24,XES,58.203784942626953
2022-02-24,XLE,28.509937286376953
2022-02-24,XOP,98.0390625
2022-02-25,BNO,26.280000686645508
2022-02-25,OIH,227.91471862792969
2022-02-25,USO,65.800003051757812
2022-02-25,XES,59.163867950439453
2022-02-25,XLE,29.261877059936523
2022-02-25,XOP,99.028732299804688
2022-02-28,BNO,27.159999847412109
2022-02-28,OIH,233.27302551269531
2022-02-28,USO,67.480003356933594
2022-02-28,XES,61.017490386962891
2022-02-28,XLE,29.984075546264648
2022-02-28,XOP,104.23561859130859
2022-03-01,BNO,29.370000839233398
2022-03-01,OIH,226.83369445800781
2022-03-01,USO,71.819999694824219
2022-03-01,XES,60.019386291503906
2022-03-01,XLE,30.285701751708984
2022-03-01,XOP,106.33084869384766
2022-03-02,BNO,31.600000381469727
2022-03-02,OIH,237.63482666015625
2022-03-02,USO,75.419998168945312
2022-03-02,XES,62.776054382324219
2022-03-02,XLE,30.978166580200195
2022-03-02,XOP,108.3369140625
2022-03-03,BNO,30.670000076293945
2022-03-03,OIH,238.06727600097656
2022-03-03,USO,74.529998779296875
2022-03-03,XES,63.194320678710938
2022-03-03,XLE,31.063135147094727
2022-03-03,XOP,107.23134613037109
2022-03-04,BNO,32.770000457763672
2022-03-04,OIH,245.700439453125
2022-03-04,USO,79.459999084472656
2022-03-04,XES,65.589759826660156
2022-03-04,XLE,31.959508895874023
2022-03-04,XOP,111.45748138427734
2022-03-07,BNO,34.159999847412109
2022-03-07,OIH,265.56365966796875
2022-03-07,USO,82.370002746582031
2022-03-07,XES,70.684867858886719
2022-03-07,XLE,32.431068420410156
2022-03-07,XOP,112.09942626953125
2022-03-08,BNO,35.700000762939453
2022-03-08,OIH,273.72329711914062
2022-03-08,USO,85.430000305175781
2022-03-08,XES,72.795135498046875
2022-03-08,XLE,32.94085693359375
2022-03-08,XOP,113.18715667724609
2022-03-09,BNO,31.219999313354492
2022-03-09,OIH,262.22653198242188
2022-03-09,USO,75.470001220703125
2022-03-09,XES,69.943389892578125
2022-03-09,XLE,31.93402099609375
2022-03-09,XOP,112.17967224121094
2022-03-10,BNO,30.420000076293945
2022-03-10,OIH,274.14633178710938
2022-03-10,USO,74.05999755859375
2022-03-10,XES,72.966232299804688
2022-03-10,XLE,32.911109924316406
2022-03-10,XOP,114.41755676269531
2022-03-11,BNO,31.129999160766602
2022-03-11,OIH,270.075927734375
2022-03-11,USO,76.400001525878906
2022-03-11,XES,71.892074584960938
2022-03-11,XLE,32.647724151611328
2022-03-11,XOP,112.62546539306641
2022-03-14,BNO,29.309999465942383
2022-03-14,OIH,257.72369384765625
2022-03-14,USO,72.839996337890625
2022-03-14,XES,68.00421142578125
2022-03-14,XLE,31.670631408691406
2022-03-14,XOP,107.85546875
2022-03-15,BNO,27.319999694824219
2022-03-15,OIH,246.73451232910156
2022-03-15,USO,68.629997253417969
2022-03-15,XES,65.513702392578125
2022-03-15,XLE,30.510860443115234
2022-03-15,XOP,105.98312377929688
2022-03-16,BNO,27.040000915527344
2022-03-16,OIH,241.87443542480469
2022-03-16,USO,68.279998779296875
2022-03-16,XES,64.781784057617188
2022-03-16,XLE,30.37066650390625
2022-03-16,XOP,106.22384643554688
2022-03-17,BNO,29.469999313354492
2022-03-17,OIH,253.33363342285156
2022-03-17,USO,73.680000305175781
2022-03-17,XES,67.994712829589844
2022-03-17,XLE,31.415729522705078
2022-03-17,XOP,111.787353515625
2022-03-18,BNO,29.770000457763672
2022-03-18,OIH,253.23023986816406
2022-03-18,USO,74.639999389648438
2022-03-18,XES,67.452888488769531
2022-03-18,XLE,31.385990142822266
2022-03-18,XOP,111.61797332763672
2022-03-21,BNO,32.180000305175781
2022-03-21,OIH,262.01028442382812
2022-03-21,USO,79.540000915527344
2022-03-21,XES,69.723075866699219
2022-03-21,XLE,32.651214599609375
2022-03-21,XOP,115.39588928222656
2022-03-22,BNO,31.829999923706055
2022-03-22,OIH,260.76943969726562
2022-03-22,USO,78.55999755859375
2022-03-22,XES,69.294937133789062
2022-03-22,XLE,32.411037445068359
2022-03-22,XOP,114.72460174560547
2022-03-23,BNO,33.479999542236328
2022-03-23,OIH,265.17825317382812
2022-03-23,USO,81.949996948242188
2022-03-23,XES,70.313003540039062
2022-03-23,XLE,32.968593597412109
2022-03-23,XOP,117.11432647705078
2022-03-24,BNO,32.619998931884766
2022-03-24,OIH,266.32510375976562
2022-03-24,USO,79.75
2022-03-24,XES,70.788726806640625
2022-03-24,XLE,33.050083160400391
2022-03-24,XOP,118.42106628417969
2022-03-25,BNO,33.150001525878906
2022-03-25,OIH,275.92300415039062
2022-03-25,USO,80.739997863769531
2022-03-25,XES,73.766792297363281
2022-03-25,XLE,33.77490234375
2022-03-25,XOP,124.05081176757812
2022-03-28,BNO,30.389999389648438
2022-03-28,OIH,264.23822021484375
2022-03-28,USO,74.529998779296875
2022-03-28,XES,70.531837463378906
2022-03-28,XLE,32.938575744628906
2022-03-28,XOP,120.94505310058594
2022-03-29,BNO,30.940000534057617
2022-03-29,OIH,267.71640014648438
2022-03-29,USO,76.150001525878906
2022-03-29,XES,71.549888610839844
2022-03-29,XLE,32.852794647216797
2022-03-29,XOP,121.08826446533203
2022-03-30,BNO,31.540000915527344
2022-03-30,OIH,268.63763427734375
2022-03-30,USO,77.910003662109375
2022-03-30,XES,71.759193420410156
2022-03-30,XLE,33.2344970703125
2022-03-30,XOP,122.1712646484375
2022-03-31,BNO,29.930000305175781
2022-03-31,OIH,265.61065673828125
2022-03-31,USO,74.120002746582031
2022-03-31,XES,71.39764404296875
2022-03-31,XLE,32.784172058105469
2022-03-31,XOP,120.42594909667969
2022-04-01,BNO,29.790000915527344
2022-04-01,OIH,271.30734252929688
2022-04-01,USO,74.169998168945312
2022-04-01,XES,73.44329833984375
2022-04-01,XLE,33.050083160400391
2022-04-01,XOP,123.94338989257812
2022-04-04,BNO,30.709999084472656
2022-04-04,OIH,271.57998657226562
2022-04-04,USO,76.860000610351562
2022-04-04,XES,73.614555358886719
2022-04-04,XLE,33.092964172363281
2022-04-04,XOP,124.29241943359375
2022-04-05,BNO,29.889999389648438
2022-04-05,OIH,262.8563232421875
2022-04-05,USO,74.800003051757812
2022-04-05,XES,70.978996276855469
2022-04-05,XLE,32.574020385742188
2022-04-05,XOP,121.43730926513672
2022-04-06,BNO,29.049999237060547
2022-04-06,OIH,262.09490966796875
2022-04-06,USO,73.050003051757812
2022-04-06,XES,70.674537658691406
2022-04-06,XLE,32.767013549804688
2022-04-06,XOP,121.31200408935547
2022-04-07,BNO,28.850000381469727
2022-04-07,OIH,263.89041137695312
2022-04-07,USO,73.110000610351562
2022-04-07,XES,70.864837646484375
2022-04-07,XLE,33.195903778076172
2022-04-07,XOP,122.42184448242188
2022-04-08,BNO,29.209999084472656
2022-04-08,OIH,274.63516235351562
2022-04-08,USO,74.110000610351562
2022-04-08,XES,73.576507568359375
2022-04-08,XLE,34.109432220458984
2022-04-08,XOP,125.20536804199219
2022-04-11,BNO,28.219999313354492
2022-04-11,OIH,267.03955078125
2022-04-11,USO,72.300003051757812
2022-04-11,XES,71.273979187011719
2022-04-11,XLE,33.084384918212891
2022-04-11,XOP,122.6456298828125
2022-04-12,BNO,29.819999694824219
2022-04-12,OIH,273.4224853515625
2022-04-12,USO,75.980003356933594
2022-04-12,XES,73.509902954101562
2022-04-12,XLE,33.633369445800781
2022-04-12,XOP,124.34615325927734
2022-04-13,BNO,31.010000228881836
2022-04-13,OIH,279.8336181640625
2022-04-13,USO,78.419998168945312
2022-04-13,XES,75.279609680175781
2022-04-13,XLE,34.135166168212891
2022-04-13,XOP,127.62195587158203
2022-04-14,BNO,31.700000762939453
2022-04-14,OIH,283.96981811523438
2022-04-14,USO,79.569999694824219
2022-04-14,XES,76.5831298828125
2022-04-14,XLE,34.246677398681641
2022-04-14,XOP,127.92624664306641
2022-04-18,BNO,32.220001220703125
2022-04-18,OIH,289.98617553710938
2022-04-18,USO,80.410003662109375
2022-04-18,XES,78.428939819335938
2022-04-18,XLE,34.748470306396484
2022-04-18,XOP,130.35176086425781
2022-04-19,BNO,30.620000839233398
2022-04-19,OIH,286.60198974609375
2022-04-19,USO,76.860000610351562
2022-04-19,XES,77.211074829101562
2022-04-19,XLE,34.465412139892578
2022-04-19,XOP,128.32904052734375
2022-04-20,BNO,30.600000381469727
2022-04-20,OIH,282.61614990234375
2022-04-20,USO,77.239997863769531
2022-04-20,XES,76.706809997558594
2022-04-20,XLE,34.598358154296875
2022-04-20,XOP,130.08329772949219
2022-04-21,BNO,30.930000305175781
2022-04-21,OIH,269.70932006835938
2022-04-21,USO,78.120002746582031
2022-04-21,XES,72.758255004882812
2022-04-21,XLE,33.500408172607422
2022-04-21,XOP,124.42669677734375
2022-04-22,BNO,30.239999771118164
2022-04-22,OIH,263.533203125
2022-04-22,USO,76.30999755859375
2022-04-22,XES,70.531837463378906
2022-04-22,XLE,32.681240081787109
2022-04-22,XOP,119.27133178710938
2022-04-25,BNO,29.430000305175781
2022-04-25,OIH,248.72740173339844
2022-04-25,USO,74.650001525878906
2022-04-25,XES,67.17315673828125
2022-04-25,XLE,31.600444793701172
2022-04-25,XOP,116.97113037109375
2022-04-26,BNO,30.100000381469727
2022-04-26,OIH,248.80262756347656
2022-04-26,USO,76.459999084472656
2022-04-26,XES,66.687911987304688
2022-04-26,XLE,31.643327713012695
2022-04-26,XOP,115.67334747314453
2022-04-27,BNO,30.069999694824219
2022-04-27,OIH,250.74848937988281
2022-04-27,USO,76.370002746582031
2022-04-27,XES,67.306373596191406
2022-04-27,XLE,32.106533050537109
2022-04-27,XOP,117.36495208740234
2022-04-28,BNO,30.770000457763672
2022-04-28,OIH,256.75543212890625
2022-04-28,USO,78.080001831054688
2022-04-28,XES,69.161727905273438
2022-04-28,XLE,33.080104827880859
2022-04-28,XOP,121.11511993408203
2022-04-29,BNO,30.549999237060547
2022-04-29,OIH,247.94718933105469
2022-04-29,USO,77.160003662109375
2022-04-29,XES,66.754539489746094
2022-04-29,XLE,32.230911254882812
2022-04-29,XOP,117.97354888916016
2022-05-02,BNO,31.030000686645508
2022-05-02,OIH,247.99418640136719
2022-05-02,USO,78.379997253417969
2022-05-02,XES,66.5927734375
2022-05-02,XLE,32.745574951171875
2022-05-02,XOP,118.14362335205078
2022-05-03,BNO,30.200000762939453
2022-05-03,OIH,254.95054626464844
2022-05-03,USO,76.69000244140625
2022-05-03,XES,68.914337158203125
2022-05-03,XLE,33.663394927978516
2022-05-03,XOP,123.69276428222656
2022-05-04,BNO,31.639999389648438
2022-05-04,OIH,266.83273315429688
2022-05-04,USO,80.220001220703125
2022-05-04,XES,71.863868713378906
2022-05-04,XLE,35.061561584472656
2022-05-04,XOP,128.69598388671875
2022-05-05,BNO,31.770000457763672
2022-05-05,OIH,257.16903686523438
2022-05-05,USO,80.480003356933594
2022-05-05,XES,69.095115661621094
2022-05-05,XLE,34.534030914306641
2022-05-05,XOP,125.34857177734375
2022-05-06,BNO,32.409999847412109
2022-05-06,OIH,260.20538330078125
2022-05-06,USO,82.129997253417969
2022-05-06,XES,69.685020446777344
2022-05-06,XLE,35.563362121582031
2022-05-06,XOP,126.98648071289062
2022-05-09,BNO,30.139999389648438
2022-05-09,OIH,232.37057495117188
2022-05-09,USO,76.569999694824219
2022-05-09,XES,62.1875
2022-05-09,XLE,32.621192932128906
2022-05-09,XOP,113.88327026367188
2022-05-10,BNO,29.260000228881836
2022-05-10,OIH,233.21659851074219
2022-05-10,USO,74.529998779296875
2022-05-10,XES,62.20654296875
2022-05-10,XLE,32.917133331298828
2022-05-10,XOP,114.43820190429688
2022-05-11,BNO,30.659999847412109
2022-05-11,OIH,236.46919250488281
2022-05-11,USO,78.180000305175781
2022-05-11,XES,62.844028472900391
2022-05-11,XLE,33.358882904052734
2022-05-11,XOP,114.98416137695312
2022-05-12,BNO,30.989999771118164
2022-05-12,OIH,235.73594665527344
2022-05-12,USO,79.230003356933594
2022-05-12,XES,62.511005401611328
2022-05-12,XLE,33.500408172607422
2022-05-12,XOP,114.73357391357422
2022-05-13,BNO,31.950000762939453
2022-05-13,OIH,246.68751525878906
2022-05-13,USO,81.279998779296875
2022-05-13,XES,65.451026916503906
2022-05-13,XLE,34.645538330078125
2022-05-13,XOP,119.60250091552734
2022-05-16,BNO,32.770000457763672
2022-05-16,OIH,255.58979797363281
2022-05-16,USO,83.110000610351562
2022-05-16,XES,67.753547668457031
2022-05-16,XLE,35.559070587158203
2022-05-16,XOP,122.33232116699219
2022-05-17,BNO,31.920000076293945
2022-05-17,OIH,260.10195922851562
2022-05-17,USO,81.110000610351562
2022-05-17,XES,68.914337158203125
2022-05-17,XLE,35.970802307128906
2022-05-17,XOP,125.89454650878906
2022-05-18,BNO,31.290000915527344
2022-05-18,OIH,250.87071228027344
2022-05-18,USO,79.290000915527344
2022-05-18,XES,66.630828857421875
2022-05-18,XLE,35.048686981201172
2022-05-18,XOP,121.75054168701172
2022-05-19,BNO,31.860000610351562
2022-05-19,OIH,250.56051635742188
2022-05-19,USO,80.580001831054688
2022-05-19,XES,66.564231872558594
2022-05-19,XLE,34.920028686523438
2022-05-19,XOP,121.69687652587891
2022-05-20,BNO,32.279998779296875
2022-05-20,OIH,250.88954162597656
2022-05-20,USO,81.650001525878906
2022-05-20,XES,66.250244140625
2022-05-20,XLE,35.070140838623047
2022-05-20,XOP,122.42184448242188
2022-05-23,BNO,32.389999389648438
2022-05-23,OIH,263.627197265625
2022-05-23,USO,81.970001220703125
2022-05-23,XES,69.637466430664062
2022-05-23,XLE,35.996536254882812
2022-05-23,XOP,127.44292449951172
2022-05-24,BNO,32.409999847412109
2022-05-24,OIH,264.8116455078125
2022-05-24,USO,82
2022-05-24,XES,70.027549743652344
2022-05-24,XLE,36.133777618408203
2022-05-24,XOP,127.03122711181641
2022-05-25,BNO,32.590000152587891
2022-05-25,OIH,269.71871948242188
2022-05-25,USO,82.480003356933594
2022-05-25,XES,71.645034790039062
2022-05-25,XLE,36.880050659179688
2022-05-25,XOP,132.14183044433594
2022-05-26,BNO,33.319999694824219
2022-05-26,OIH,277.85012817382812
2022-05-26,USO,84.589996337890625
2022-05-26,XES,73.357673645019531
2022-05-26,XLE,37.287487030029297
2022-05-26,XOP,135.1580810546875
2022-05-27,BNO,33.770000457763672
2022-05-27,OIH,282.79476928710938
2022-05-27,USO,85.459999084472656
2022-05-27,XES,74.337669372558594
2022-05-27,XLE,37.969425201416016
2022-05-27,XOP,140.55506896972656
2022-05-31,BNO,33.939998626708984
2022-05-31,OIH,275.8665771484375
2022-05-31,USO,85.470001220703125
2022-05-31,XES,73.034172058105469
2022-05-31,XLE,37.398998260498047
2022-05-31,XOP,138.3980712890625
2022-06-01,BNO,33.889999389648438
2022-06-01,OIH,281.36587524414062
2022-06-01,USO,85.540000915527344
2022-06-01,XES,74.889518737792969
2022-06-01,XLE,38.008022308349609
2022-06-01,XOP,142.91798400878906
2022-06-02,BNO,34.479999542236328
2022-06-02,OIH,278.56451416015625
2022-06-02,USO,87.25
2022-06-02,XES,74.128349304199219
2022-06-02,XLE,37.887931823730469
2022-06-02,XOP,142.95376586914062
2022-06-03,BNO,35.430000305175781
2022-06-03,OIH,284.60906982421875
2022-06-03,USO,89.470001220703125
2022-06-03,XES,75.498435974121094
2022-06-03,XLE,38.389732360839844
2022-06-03,XOP,144.65431213378906
2022-06-06,BNO,34.880001068115234
2022-06-06,OIH,285.65252685546875
2022-06-06,USO,88.389999389648438
2022-06-06,XES,75.955169677734375
2022-06-06,XLE,38.346847534179688
2022-06-06,XOP,145.91627502441406
2022-06-07,BNO,35.389999389648438
2022-06-07,OIH,293.84970092773438
2022-06-07,USO,90.040000915527344
2022-06-07,XES,78.114959716796875
2022-06-07,XLE,39.491966247558594
2022-06-07,XOP,151.39389038085938
2022-06-08,BNO,36.290000915527344
2022-06-08,OIH,292.23284912109375
2022-06-08,USO,91.989997863769531
2022-06-08,XES,77.087371826171875
2022-06-08,XLE,39.577747344970703
2022-06-08,XOP,150.09609985351562
2022-06-09,BNO,35.939998626708984
2022-06-09,OIH,282.0897216796875
2022-06-09,USO,91.080001831054688
2022-06-09,XES,74.090286254882812
2022-06-09,XLE,38.70281982421875
2022-06-09,XOP,148.109130859375
2022-06-10,BNO,35.619998931884766
2022-06-10,OIH,273.50711059570312
2022-06-10,USO,90.129997253417969
2022-06-10,XES,71.806785583496094
2022-06-10,XLE,38.046627044677734
2022-06-10,XOP,145.60304260253906
2022-06-13,BNO,35.740001678466797
2022-06-13,OIH,254.81890869140625
2022-06-13,USO,90.360000610351562
2022-06-13,XES,65.831619262695312
2022-06-13,XLE,36.060871124267578
2022-06-13,XOP,136.52748107910156
2022-06-14,BNO,35.259998321533203
2022-06-14,OIH,249.47006225585938
2022-06-14,USO,88.449996948242188
2022-06-14,XES,65.060920715332031
2022-06-14,XLE,36.129493713378906
2022-06-14,XOP,135.49819946289062
2022-06-15,BNO,34.669998168945312
2022-06-15,OIH,244.356201171875
2022-06-15,USO,86.930000305175781
2022-06-15,XES,64.423431396484375
2022-06-15,XLE,35.331764221191406
2022-06-15,XOP,133.49333190917969
2022-06-16,BNO,34.830001831054688
2022-06-16,OIH,230.91349792480469
2022-06-16,USO,87.660003662109375
2022-06-16,XES,61.350223541259766
2022-06-16,XLE,33.341728210449219
2022-06-16,XOP,125.0174560546875
2022-06-17,BNO,33.119998931884766
2022-06-17,OIH,221.06178283691406
2022-06-17,USO,83.339996337890625
2022-06-17,XES,58.629039764404297
2022-06-17,XLE,31.518953323364258
2022-06-17,XOP,115.91499328613281
2022-06-21,BNO,33.450000762939453
2022-06-21,OIH,231.64671325683594
2022-06-21,USO,84.050003051757812
2022-06-21,XES,60.966350555419922
2022-06-21,XLE,33.151821136474609
2022-06-21,XOP,120.67520904541016
2022-06-22,BNO,32.270000457763672
2022-06-22,OIH,219.792724609375
2022-06-22,USO,80.879997253417969
2022-06-22,XES,57.166080474853516
2022-06-22,XLE,31.824705123901367
2022-06-22,XOP,113.4453125
2022-06-23,BNO,31.760000228881836
2022-06-23,OIH,208.0703125
2022-06-23,USO,78.980003356933594
2022-06-23,XES,54.089668273925781
2022-06-23,XLE,30.645044326782227
2022-06-23,XOP,108.52934265136719
2022-06-24,BNO,32.650001525878906
2022-06-24,OIH,215.08308410644531
2022-06-24,USO,81.269996643066406
2022-06-24,XES,56.146961212158203
2022-06-24,XLE,31.048393249511719
2022-06-24,XOP,109.83486938476562
2022-06-27,BNO,33.290000915527344
2022-06-27,OIH,223.28030395507812
2022-06-27,USO,82.930000305175781
2022-06-27,XES,58.728107452392578
2022-06-27,XLE,31.959157943725586
2022-06-27,XOP,114.85887145996094
2022-06-28,BNO,34.069999694824219
2022-06-28,OIH,228.07453918457031
2022-06-28,USO,84.720001220703125
2022-06-28,XES,59.756748199462891
2022-06-28,XLE,32.822212219238281
2022-06-28,XOP,117.88410186767578
2022-06-29,BNO,33.479999542236328
2022-06-29,OIH,224.004150390625
2022-06-29,USO,82.949996948242188
2022-06-29,XES,58.709049224853516
2022-06-29,XLE,31.681589126586914
2022-06-29,XOP,111.66259765625
2022-06-30,BNO,32.740001678466797
2022-06-30,OIH,218.65528869628906
2022-06-30,USO,80.349998474121094
2022-06-30,XES,56.842243194580078
2022-06-30,XLE,31.013692855834961
2022-06-30,XOP,107.57495880126953
2022-07-01,BNO,33.340000152587891
2022-07-01,OIH,217.74342346191406
2022-07-01,USO,81.669998168945312
2022-07-01,XES,56.699375152587891
2022-07-01,XLE,31.477752685546875
2022-07-01,XOP,108.87145233154297
2022-07-05,BNO,30.819999694824219
2022-07-05,OIH,201.44297790527344
2022-07-05,USO,74.779998779296875
2022-07-05,XES,52.146663665771484
2022-07-05,XLE,30.228702545166016
2022-07-05,XOP,102.92010498046875
2022-07-06,BNO,30.120000839233398
2022-07-06,OIH,197.51358032226562
2022-07-06,USO,73.669998168945312
2022-07-06,XES,50.975151062011719
2022-07-06,XLE,29.712602615356445
2022-07-06,XOP,101.18240356445312
2022-07-07,BNO,31.209999084472656
2022-07-07,OIH,208.30531311035156
2022-07-07,USO,76.550003051757812
2022-07-07,XES,54.013469696044922
2022-07-07,XLE,30.783830642700195
2022-07-07,XOP,106.93569946289062
2022-07-08,BNO,32.040000915527344
2022-07-08,OIH,209.32997131347656
2022-07-08,USO,78.540000915527344
2022-07-08,XES,54.2991943359375
2022-07-08,XLE,30.770822525024414
2022-07-08,XOP,106.62958526611328
2022-07-11,BNO,31.920000076293945
2022-07-11,OIH,204.41352844238281
2022-07-11,USO,78.230003356933594
2022-07-11,XES,52.851486206054688
2022-07-11,XLE,30.475908279418945
2022-07-11,XOP,105.35105895996094
2022-07-12,BNO,29.709999084472656
2022-07-12,OIH,197.07174682617188
2022-07-12,USO,72.80999755859375
2022-07-12,XES,50.870380401611328
2022-07-12,XLE,29.881746292114258
2022-07-12,XOP,102.85707855224609
2022-07-13,BNO,29.729999542236328
2022-07-13,OIH,195.48306274414062
2022-07-13,USO,73.19000244140625
2022-07-13,XES,50.641788482666016
2022-07-13,XLE,29.834041595458984
2022-07-13,XOP,103.71244049072266
2022-07-14,BNO,29.840000152587891
2022-07-14,OIH,188.98733520507812
2022-07-14,USO,72.849998474121094
2022-07-14,XES,48.975002288818359
2022-07-14,XLE,29.270229339599609
2022-07-14,XOP,101.91171264648438
2022-07-15,BNO,30.270000457763672
2022-07-15,OIH,193.09535217285156
2022-07-15,USO,73.739997863769531
2022-07-15,XES,49.965560913085938
2022-07-15,XLE,29.747293472290039
2022-07-15,XOP,104.43270111083984
2022-07-18,BNO,31.709999084472656
2022-07-18,OIH,200.97293090820312
2022-07-18,USO,76.80999755859375
2022-07-18,XES,52.137142181396484
2022-07-18,XLE,30.428199768066406
2022-07-18,XOP,107.44892120361328
2022-07-19,BNO,32.150001525878906
2022-07-19,OIH,208.35234069824219
2022-07-19,USO,78.050003051757812
2022-07-19,XES,54.213485717773438
2022-07-19,XLE,31.364986419677734
2022-07-19,XOP,111.67160797119141
2022-07-20,BNO,31.930000305175781
2022-07-20,OIH,206.70726013183594
2022-07-20,USO,77.639999389648438
2022-07-20,XES,54.213485717773438
2022-07-20,XLE,31.668571472167969
2022-07-20,XOP,114.84986877441406
2022-07-21,BNO,31.079999923706055
2022-07-21,OIH,198.58523559570312
2022-07-21,USO,75.489997863769531
2022-07-21,XES,51.737110137939453
2022-07-21,XLE,31.113439559936523
2022-07-21,XOP,111.60858154296875
2022-07-22,BNO,30.700000762939453
2022-07-22,OIH,198.39723205566406
2022-07-22,USO,74.529998779296875
2022-07-22,XES,51.337081909179688
2022-07-22,XLE,30.857563018798828
2022-07-22,XOP,109.17760467529297
2022-07-25,BNO,31.309999465942383
2022-07-25,OIH,208.38052368164062
2022-07-25,USO,76.220001220703125
2022-07-25,XES,54.508735656738281
2022-07-25,XLE,31.989511489868164
2022-07-25,XOP,115.15599822998047
2022-07-26,BNO,31
2022-07-26,OIH,206.78245544433594
2022-07-26,USO,75.160003662109375
2022-07-26,XES,54.318248748779297
2022-07-26,XLE,31.698936462402344
2022-07-26,XOP,114.34568786621094
2022-07-27,BNO,32.049999237060547
2022-07-27,OIH,216.96319580078125
2022-07-27,USO,77.870002746582031
2022-07-27,XES,57.718494415283203
2022-07-27,XLE,32.414535522460938
2022-07-27,XOP,118.83845520019531
2022-07-28,BNO,31.959999084472656
2022-07-28,OIH,216.85037231445312
2022-07-28,USO,77.129997253417969
2022-07-28,XES,57.880420684814453
2022-07-28,XLE,32.596687316894531
2022-07-28,XOP,119.38767242431641
2022-07-29,BNO,32.380001068115234
2022-07-29,OIH,227.22850036621094
2022-07-29,USO,78.050003051757812
2022-07-29,XES,60.928253173828125
2022-07-29,XLE,34.010540008544922
2022-07-29,XOP,123.36729431152344
2022-08-01,BNO,31.159999847412109
2022-08-01,OIH,221.08999633789062
2022-08-01,USO,75.129997253417969
2022-08-01,XES,59.27099609375
2022-08-01,XLE,33.307956695556641
2022-08-01,XOP,120.71121978759766
2022-08-02,BNO,31.319999694824219
2022-08-02,OIH,223.72213745117188
2022-08-02,USO,75.930000305175781
2022-08-02,XES,60.261539459228516
2022-08-02,XLE,33.229888916015625
2022-08-02,XOP,121.29644012451172
2022-08-03,BNO,30.270000457763672
2022-08-03,OIH,217.98783874511719
2022-08-03,USO,73.529998779296875
2022-08-03,XES,58.404258728027344
2022-08-03,XLE,32.275741577148438
2022-08-03,XOP,118.24422454833984
2022-08-04,BNO,29.360000610351562
2022-08-04,OIH,206.40641784667969
2022-08-04,USO,71.529998779296875
2022-08-04,XES,55.118305206298828
2022-08-04,XLE,31.078752517700195
2022-08-04,XOP,112.73402404785156
2022-08-05,BNO,29.489999771118164
2022-08-05,OIH,211.69891357421875
2022-08-05,USO,71.540000915527344
2022-08-05,XES,56.699375152587891
2022-08-05,XLE,31.694601058959961
2022-08-05,XOP,116.20040893554688
2022-08-08,BNO,30.159999847412109
2022-08-08,OIH,212.69534301757812
2022-08-08,USO,73.540000915527344
2022-08-08,XES,56.747005462646484
2022-08-08,XLE,31.859403610229492
2022-08-08,XOP,116.64158630371094
2022-08-09,BNO,30.129999160766602
2022-08-09,OIH,214.99847412109375
2022-08-09,USO,73.449996948242188
2022-08-09,XES,57.489917755126953
2022-08-09,XLE,32.418869018554688
2022-08-09,XOP,118.02812957763672
2022-08-10,BNO,30.319999694824219
2022-08-10,OIH,216.29573059082031
2022-08-10,USO,74.319999694824219
2022-08-10,XES,57.804218292236328
2022-08-10,XLE,32.653072357177734
2022-08-10,XOP,120.01793670654297
2022-08-11,BNO,31.069999694824219
2022-08-11,OIH,225.085205078125
2022-08-11,USO,76.279998779296875
2022-08-11,XES,60.052001953125
2022-08-11,XLE,33.776348114013672
2022-08-11,XOP,125.12297821044922
2022-08-12,BNO,30.659999847412109
2022-08-12,OIH,228.2625732421875
2022-08-12,USO,74.980003356933594
2022-08-12,XES,61.128273010253906
2022-08-12,XLE,34.0322265625
2022-08-12,XOP,126.27543640136719
2022-08-15,BNO,29.579999923706055
2022-08-15,OIH,219.06887817382812
2022-08-15,USO,72.879997253417969
2022-08-15,XES,58.585227966308594
2022-08-15,XLE,33.368675231933594
2022-08-15,XOP,123.05214691162109
2022-08-16,BNO,28.850000381469727
2022-08-16,OIH,215.85392761230469
2022-08-16,USO,71.239997863769531
2022-08-16,XES,57.661354064941406
2022-08-16,XLE,33.290603637695312
2022-08-16,XOP,123.03414154052734
2022-08-17,BNO,29.170000076293945
2022-08-17,OIH,216.5777587890625
2022-08-17,USO,72.050003051757812
2022-08-17,XES,58.137577056884766
2022-08-17,XLE,33.56817626953125
2022-08-17,XOP,124.78986358642578
2022-08-18,BNO,30.200000762939453
2022-08-18,OIH,226.69268798828125
2022-08-18,USO,74.209999084472656
2022-08-18,XES,61.02349853515625
2022-08-18,XLE,34.470268249511719
2022-08-18,XOP,130.23701477050781
2022-08-19,BNO,30.069999694824219
2022-08-19,OIH,223.40251159667969
2022-08-19,USO,74.05999755859375
2022-08-19,XES,59.737686157226562
2022-08-19,XLE,34.461589813232422
2022-08-19,XOP,128.41825866699219
2022-08-22,BNO,30.280000686645508
2022-08-22,OIH,222.06764221191406
2022-08-22,USO,74.680000305175781
2022-08-22,XES,59.280521392822266
2022-08-22,XLE,34.396530151367188
2022-08-22,XOP,129.14755249023438
2022-08-23,BNO,31.209999084472656
2022-08-23,OIH,233.25422668457031
2022-08-23,USO,76.830001831054688
2022-08-23,XES,61.756877899169922
2022-08-23,XLE,35.636905670166016
2022-08-23,XOP,132.02871704101562
2022-08-24,BNO,31.719999313354492
2022-08-24,OIH,238.33987426757812
2022-08-24,USO,78.040000915527344
2022-08-24,XES,63.318916320800781
2022-08-24,XLE,36.074939727783203
2022-08-24,XOP,134.63072204589844
2022-08-25,BNO,31.229999542236328
2022-08-25,OIH,240.62420654296875
2022-08-25,USO,76.5
2022-08-25,XES,63.957042694091797
2022-08-25,XLE,36.352508544921875
2022-08-25,XOP,135.423095703125
2022-08-26,BNO,31.120000839233398
2022-08-26,OIH,234.86170959472656
2022-08-26,USO,75.849998474121094
2022-08-26,XES,62.318832397460938
2022-08-26,XLE,35.927478790283203
2022-08-26,XOP,134.16258239746094
2022-08-29,BNO,32.389999389648438
2022-08-29,OIH,238.86630249023438
2022-08-29,USO,78.69000244140625
2022-08-29,XES,63.261753082275391
2022-08-29,XLE,36.4696044921875
2022-08-29,XOP,135.80125427246094
2022-08-30,BNO,30.979999542236328
2022-08-30,OIH,227.69851684570312
2022-08-30,USO,75.470001220703125
2022-08-30,XES,60.299636840820312
2022-08-30,XLE,35.233566284179688
2022-08-30,XOP,129.02151489257812
2022-08-31,BNO,29.959999084472656
2022-08-31,OIH,225.30140686035156
2022-08-31,USO,73.110000610351562
2022-08-31,XES,59.909137725830078
2022-08-31,XLE,34.912631988525391
2022-08-31,XOP,130.32707214355469
2022-09-01,BNO,29
2022-09-01,OIH,216.91616821289062
2022-09-01,USO,70.949996948242188
2022-09-01,XES,57.604206085205078
2022-09-01,XLE,34.053909301757812
2022-09-01,XOP,125.25801086425781
2022-09-02,BNO,29.299999237060547
2022-09-02,OIH,226.45765686035156
2022-09-02,USO,71.430000305175781
2022-09-02,XES,60.518699645996094
2022-09-02,XLE,34.678436279296875
2022-09-02,XOP,128.21116638183594
2022-09-06,BNO,29.159999847412109
2022-09-06,OIH,223.29908752441406
2022-09-06,USO,71.419998168945312
2022-09-06,XES,59.442440032958984
2022-09-06,XLE,34.357501983642578
2022-09-06,XOP,126.32047271728516
2022-09-07,BNO,27.670000076293945
2022-09-07,OIH,220.20634460449219
2022-09-07,USO,67.620002746582031
2022-09-07,XES,58.689994812011719
2022-09-07,XLE,33.95849609375
2022-09-07,XOP,124.01551818847656
2022-09-08,BNO,27.909999847412109
2022-09-08,OIH,221.13699340820312
2022-09-08,USO,68.089996337890625
2022-09-08,XES,58.851924896240234
2022-09-08,XLE,34.105945587158203
2022-09-08,XOP,125.48312377929688
2022-09-09,BNO,29.159999847412109
2022-09-09,OIH,231.82533264160156
2022-09-09,USO,71.099998474121094
2022-09-09,XES,61.890235900878906
2022-09-09,XLE,34.955997467041016
2022-09-09,XOP,128.94050598144531
2022-09-12,BNO,29.649999618530273
2022-09-12,OIH,235.23771667480469
2022-09-12,USO,72.370002746582031
2022-09-12,XES,63.023651123046875
2022-09-12,XLE,35.597877502441406
2022-09-12,XOP,130.73223876953125
2022-09-13,BNO,29.469999313354492
2022-09-13,OIH,225.49882507324219
2022-09-13,USO,72.010002136230469
2022-09-13,XES,60.642520904541016
2022-09-13,XLE,34.700119018554688
2022-09-13,XOP,127.15779113769531
2022-09-14,BNO,29.739999771118164
2022-09-14,OIH,233.66783142089844
2022-09-14,USO,72.730003356933594
2022-09-14,XES,62.804588317871094
2022-09-14,XLE,35.680278778076172
2022-09-14,XOP,131.64155578613281
2022-09-15,BNO,28.680000305175781
2022-09-15,OIH,227.54812622070312
2022-09-15,USO,69.760002136230469
2022-09-15,XES,61.366390228271484
2022-09-15,XLE,34.760837554931641
2022-09-15,XOP,126.99574279785156
2022-09-16,BNO,28.889999389648438
2022-09-16,OIH,219.8585205078125
2022-09-16,USO,69.900001525878906
2022-09-16,XES,58.937633514404297
2022-09-16,XLE,34.019218444824219
2022-09-16,XOP,123.54736328125
2022-09-19,BNO,28.959999084472656
2022-09-19,OIH,221.52239990234375
2022-09-19,USO,70.050003051757812
2022-09-19,XES,59.050148010253906
2022-09-19,XLE,34.039390563964844
2022-09-19,XOP,123.50650024414062
2022-09-20,BNO,28.649999618530273
2022-09-20,OIH,215.44029235839844
2022-09-20,USO,69.220001220703125
2022-09-20,XES,57.066871643066406
2022-09-20,XLE,33.802627563476562
2022-09-20,XOP,121.73586273193359
2022-09-21,BNO,28.479999542236328
2022-09-21,OIH,211.2664794921875
2022-09-21,USO,68.680000305175781
2022-09-21,XES,55.798721313476562
2022-09-21,XLE,33.307212829589844
2022-09-21,XOP,119.18439483642578
2022-09-22,BNO,28.590000152587891
2022-09-22,OIH,210.01622009277344
2022-09-22,USO,68.970001220703125
2022-09-22,XES,55.255226135253906
2022-09-22,XLE,33.188831329345703
2022-09-22,XOP,117.14138793945312
2022-09-23,BNO,27.290000915527344
2022-09-23,OIH,191.74168395996094
2022-09-23,USO,65.319999694824219
2022-09-23,XES,50.392383575439453
2022-09-23,XLE,30.900259017944336
2022-09-23,XOP,107.69815826416016
2022-09-26,BNO,26.479999542236328
2022-09-26,OIH,186.84403991699219
2022-09-26,USO,63.200000762939453
2022-09-26,XES,49.419822692871094
2022-09-26,XLE,30.141775131225586
2022-09-26,XOP,104.26590728759766
2022-09-27,BNO,27.139999389648438
2022-09-27,OIH,190.66062927246094
2022-09-27,USO,64.419998168945312
2022-09-27,XES,50.487739562988281
2022-09-27,XLE,30.479364395141602
2022-09-27,XOP,106.97174835205078
2022-09-28,BNO,28.139999389648438
2022-09-28,OIH,199.515869140625
2022-09-28,USO,67.129997253417969
2022-09-28,XES,52.947765350341797
2022-09-28,XLE,31.829717636108398
2022-09-28,XOP,113.9906005859375
2022-09-29,BNO,27.950000762939453
2022-09-29,OIH,199.40306091308594
2022-09-29,USO,66.769996643066406
2022-09-29,XES,52.966831207275391
2022-09-29,XLE,31.829717636108398
2022-09-29,XOP,113.25514221191406
2022-09-30,BNO,27.319999694824219
2022-09-30,OIH,198.54765319824219
2022-09-30,USO,65.279998779296875
2022-09-30,XES,52.614028930664062
2022-09-30,XLE,31.575429916381836
2022-09-30,XOP,113.24606323242188
2022-10-03,BNO,28.389999389648438
2022-10-03,OIH,212.71414184570312
2022-10-03,USO,67.889999389648438
2022-10-03,XES,56.361289978027344
2022-10-03,XLE,33.359836578369141
2022-10-03,XOP,120.54637908935547
2022-10-04,BNO,29.340000152587891
2022-10-04,OIH,220.911376953125
2022-10-04,USO,70.279998779296875
2022-10-04,XES,58.754558563232422
2022-10-04,XLE,34.793464660644531
2022-10-04,XOP,126.86611175537109
2022-10-05,BNO,29.959999084472656
2022-10-05,OIH,230.66908264160156
2022-10-05,USO,71.94000244140625
2022-10-05,XES,60.947612762451172
2022-10-05,XLE,35.512493133544922
2022-10-05,XOP,129.19056701660156
2022-10-06,BNO,30.399999618530273
2022-10-06,OIH,233.80885314941406
2022-10-06,USO,72.989997863769531
2022-10-06,XES,61.576923370361328
2022-10-06,XLE,36.143829345703125
2022-10-06,XOP,131.07014465332031
2022-10-07,BNO,31.299999237060547
2022-10-07,OIH,232.46458435058594
2022-10-07,USO,75.099998474121094
2022-10-07,XES,61.062038421630859
2022-10-07,XLE,35.863239288330078
2022-10-07,XOP,129.4630126953125
2022-10-10,BNO,30.659999847412109
2022-10-10,OIH,226.82427978515625
2022-10-10,USO,73.779998779296875
2022-10-10,XES,59.193172454833984
2022-10-10,XLE,35.126682281494141
2022-10-10,XOP,127.12940979003906
2022-10-11,BNO,29.959999084472656
2022-10-11,OIH,224.87840270996094
2022-10-11,USO,71.75
2022-10-11,XES,58.582935333251953
2022-10-11,XLE,34.846096038818359
2022-10-11,XOP,125.44051361083984
2022-10-12,BNO,29.590000152587891
2022-10-12,OIH,224.44595336914062
2022-10-12,USO,70.930000305175781
2022-10-12,XES,58.401779174804688
2022-10-12,XLE,35.126682281494141
2022-10-12,XOP,126.85701751708984
2022-10-13,BNO,30.299999237060547
2022-10-13,OIH,236.49739074707031
2022-10-13,USO,72.519996643066406
2022-10-13,XES,61.357616424560547
2022-10-13,XLE,36.560337066650391
2022-10-13,XOP,131.50595092773438
2022-10-14,BNO,29.379999160766602
2022-10-14,OIH,225.60223388671875
2022-10-14,USO,70.169998168945312
2022-10-14,XES,58.868988037109375
2022-10-14,XLE,35.196826934814453
2022-10-14,XOP,124.96836853027344
2022-10-17,BNO,29.340000152587891
2022-10-17,OIH,231.609130859375
2022-10-17,USO,70.129997253417969
2022-10-17,XES,60.585277557373047
2022-10-17,XLE,35.635257720947266
2022-10-17,XOP,127.94662475585938
2022-10-18,BNO,28.870000839233398
2022-10-18,OIH,235.07791137695312
2022-10-18,USO,68.699996948242188
2022-10-18,XES,61.557846069335938
2022-10-18,XLE,35.946537017822266
2022-10-18,XOP,129.208740234375
2022-10-19,BNO,29.440000534057617
2022-10-19,OIH,245.98248291015625
2022-10-19,USO,70.040000915527344
2022-10-19,XES,64.494636535644531
2022-10-19,XLE,37.007530212402344
2022-10-19,XOP,132.51387023925781
2022-10-20,BNO,29.590000152587891
2022-10-20,OIH,248.17279052734375
2022-10-20,USO,70.180000305175781
2022-10-20,XES,65.142997741699219
2022-10-20,XLE,37.042598724365234
2022-10-20,XOP,131.07014465332031
2022-10-21,BNO,29.799999237060547
2022-10-21,OIH,260.6566162109375
2022-10-21,USO,70.569999694824219
2022-10-21,XES,67.603034973144531
2022-10-21,XLE,38.112361907958984
2022-10-21,XOP,134.01206970214844
2022-10-24,BNO,29.809999465942383
2022-10-24,OIH,264.9808349609375
2022-10-24,USO,70.379997253417969
2022-10-24,XES,68.899795532226562
2022-10-24,XLE,38.292118072509766
2022-10-24,XOP,134.04843139648438
2022-10-25,BNO,29.75
2022-10-25,OIH,266.09011840820312
2022-10-25,USO,70.610000610351562
2022-10-25,XES,69.252586364746094
2022-10-25,XLE,38.331577301025391
2022-10-25,XOP,135.16523742675781
2022-10-26,BNO,30.680000305175781
2022-10-26,OIH,276.05462646484375
2022-10-26,USO,72.970001220703125
2022-10-26,XES,72.627952575683594
2022-10-26,XLE,38.853302001953125
2022-10-26,XOP,137.27177429199219
2022-10-27,BNO,30.989999771118164
2022-10-27,OIH,274.95477294921875
2022-10-27,USO,73.620002746582031
2022-10-27,XES,72.399124145507812
2022-10-27,XLE,38.993606567382812
2022-10-27,XOP,136.15495300292969
2022-10-28,BNO,30.670000076293945
2022-10-28,OIH,272.58584594726562
2022-10-28,USO,72.819999694824219
2022-10-28,XES,72.418197631835938
2022-10-28,XLE,39.129505157470703
2022-10-28,XOP,135.53752136230469
2022-10-31,BNO,30.190000534057617
2022-10-31,OIH,280.79248046875
2022-10-31,USO,71.529998779296875
2022-10-31,XES,74.868667602539062
2022-10-31,XLE,39.458320617675781
2022-10-31,XOP,137.37164306640625
2022-11-01,BNO,30.879999160766602
2022-11-01,OIH,280.24722290039062
2022-11-01,USO,73.120002746582031
2022-11-01,XES,74.220298767089844
2022-11-01,XLE,39.839756011962891
2022-11-01,XOP,139.10597229003906
2022-11-02,BNO,31.190000534057617
2022-11-02,OIH,274.41897583007812
2022-11-02,USO,74.080001831054688
2022-11-02,XES,72.504020690917969
2022-11-02,XLE,38.879604339599609
2022-11-02,XOP,135.44673156738281
2022-11-03,BNO,30.860000610351562
2022-11-03,OIH,282.6068115234375
2022-11-03,USO,73.290000915527344
2022-11-03,XES,74.935417175292969
2022-11-03,XLE,39.598621368408203
2022-11-03,XOP,138.533935546875
2022-11-04,BNO,32.209999084472656
2022-11-04,OIH,288.73590087890625
2022-11-04,USO,76.819999694824219
2022-11-04,XES,76.127311706542969
2022-11-04,XLE,40.080890655517578
2022-11-04,XOP,141.21253967285156
2022-11-07,BNO,32.040000915527344
2022-11-07,OIH,298.74740600585938
2022-11-07,USO,76.55999755859375
2022-11-07,XES,78.692230224609375
2022-11-07,XLE,40.769218444824219
2022-11-07,XOP,145.48922729492188
2022-11-08,BNO,31.209999084472656
2022-11-08,OIH,298.70977783203125
2022-11-08,USO,74.470001220703125
2022-11-08,XES,78.76849365234375
2022-11-08,XLE,40.808681488037109
2022-11-08,XOP,144.54489135742188
2022-11-09,BNO,30.170000076293945
2022-11-09,OIH,283.40582275390625
2022-11-09,USO,71.669998168945312
2022-11-09,XES,74.086822509765625
2022-11-09,XLE,38.813850402832031
2022-11-09,XOP,135.03811645507812
2022-11-10,BNO,30.540000915527344
2022-11-10,OIH,289.79812622070312
2022-11-10,USO,72.239997863769531
2022-11-10,XES,76.632659912109375
2022-11-10,XLE,39.677536010742188
2022-11-10,XOP,140.09568786621094
2022-11-11,BNO,31.319999694824219
2022-11-11,OIH,299.35842895507812
2022-11-11,USO,74.379997253417969
2022-11-11,XES,78.892448425292969
2022-11-11,XLE,40.830604553222656
2022-11-11,XOP,144.49951171875
2022-11-14,BNO,30.209999084472656
2022-11-14,OIH,293.934326171875
2022-11-14,USO,71.910003662109375
2022-11-14,XES,77.319183349609375
2022-11-14,XLE,40.817447662353516
2022-11-14,XOP,142.39295959472656
2022-11-15,BNO,30.629999160766602
2022-11-15,OIH,299.89425659179688
2022-11-15,USO,73.25
2022-11-15,XES,78.635002136230469
2022-11-15,XLE,41.247108459472656
2022-11-15,XOP,145.84330749511719
2022-11-16,BNO,30.239999771118164
2022-11-16,OIH,293.558349609375
2022-11-16,USO,72.040000915527344
2022-11-16,XES,77.185676574707031
2022-11-16,XLE,40.405330657958984
2022-11-16,XOP,141.63023376464844
2022-11-17,BNO,29.399999618530273
2022-11-17,OIH,292.35504150390625
2022-11-17,USO,70.139999389648438
2022-11-17,XES,77.061729431152344
2022-11-17,XLE,40.493011474609375
2022-11-17,XOP,141.33053588867188
2022-11-18,BNO,28.809999465942383
2022-11-18,OIH,289.92031860351562
2022-11-18,USO,69.029998779296875
2022-11-18,XES,76.060562133789062
2022-11-18,XLE,40.172958374023438
2022-11-18,XOP,139.76881408691406
2022-11-21,BNO,28.659999847412109
2022-11-21,OIH,282.57855224609375
2022-11-21,USO,69.029998779296875
2022-11-21,XES,73.877044677734375
2022-11-21,XLE,39.629310607910156
2022-11-21,XOP,137.10835266113281
2022-11-22,BNO,28.959999084472656
2022-11-22,OIH,291.38681030273438
2022-11-22,USO,69.980003356933594
2022-11-22,XES,76.136833190917969
2022-11-22,XLE,40.870059967041016
2022-11-22,XOP,142.67442321777344
2022-11-23,BNO,27.850000381469727
2022-11-23,OIH,284.016845703125
2022-11-23,USO,67.410003662109375
2022-11-23,XES,74.353813171386719
2022-11-23,XLE,40.427242279052734
2022-11-23,XOP,140.4134521484375
2022-11-25,BNO,27.739999771118164
2022-11-25,OIH,281.13088989257812
2022-11-25,USO,66.959999084472656
2022-11-25,XES,73.753089904785156
2022-11-25,XLE,40.278179168701172
2022-11-25,XOP,140.42256164550781
2022-11-28,BNO,27.540000915527344
2022-11-28,OIH,274.85137939453125
2022-11-28,USO,66.879997253417969
2022-11-28,XES,71.893783569335938
2022-11-28,XLE,39.173351287841797
2022-11-28,XOP,135.26513671875
2022-11-29,BNO,27.889999389648438
2022-11-29,OIH,281.24365234375
2022-11-29,USO,68.339996337890625
2022-11-29,XES,73.352622985839844
2022-11-29,XLE,39.765220642089844
2022-11-29,XOP,136.86320495605469
2022-11-30,BNO,28.670000076293945
2022-11-30,OIH,285.91574096679688
2022-11-30,USO,70.230003356933594
2022-11-30,XES,75.021247863769531
2022-11-30,XLE,39.962512969970703
2022-11-30,XOP,138.12535095214844
2022-12-01,BNO,28.639999389648438
2022-12-01,OIH,284.64663696289062
2022-12-01,USO,70.449996948242188
2022-12-01,XES,74.487281799316406
2022-12-01,XLE,39.83099365234375
2022-12-01,XOP,135.37403869628906
2022-12-02,BNO,28.280000686645508
2022-12-02,OIH,289.7886962890625
2022-12-02,USO,69.839996337890625
2022-12-02,XES,75.650543212890625
2022-12-02,XLE,39.59423828125
2022-12-02,XOP,134.23908996582031
2022-12-05,BNO,27.379999160766602
2022-12-05,OIH,275.7255859375
2022-12-05,USO,67.720001220703125
2022-12-05,XES,71.8270263671875
2022-12-05,XLE,38.419258117675781
2022-12-05,XOP,128.01016235351562
2022-12-06,BNO,26.219999313354492
2022-12-06,OIH,272.59524536132812
2022-12-06,USO,65.230003356933594
2022-12-06,XES,70.720970153808594
2022-12-06,XLE,37.406494140625
2022-12-06,XOP,124.46898651123047
2022-12-07,BNO,25.559999465942383
2022-12-07,OIH,265.59188842773438
2022-12-07,USO,63.650001525878906
2022-12-07,XES,69.033279418945312
2022-12-07,XLE,37.318805694580078
2022-12-07,XOP,123.38844299316406
2022-12-08,BNO,25.090000152587891
2022-12-08,OIH,266.43789672851562
2022-12-08,USO,62.709999084472656
2022-12-08,XES,69.119087219238281
2022-12-08,XLE,37.152206420898438
2022-12-08,XOP,120.58271026611328
2022-12-09,BNO,25.25
2022-12-09,OIH,254.64030456542969
2022-12-09,USO,62.849998474121094
2022-12-09,XES,66.487442016601562
2022-12-09,XLE,36.249046325683594
2022-12-09,XOP,118.32179260253906
2022-12-12,BNO,25.809999465942383
2022-12-12,OIH,265.63885498046875
2022-12-12,USO,64.410003662109375
2022-12-12,XES,69.147697448730469
2022-12-12,XLE,37.200435638427734
2022-12-12,XOP,122.80735015869141
2022-12-13,BNO,26.600000381469727
2022-12-13,OIH,276.75967407226562
2022-12-13,USO,65.860000610351562
2022-12-13,XES,71.77935791015625
2022-12-13,XLE,37.906299591064453
2022-12-13,XOP,125.01374816894531
2022-12-14,BNO,27.340000152587891
2022-12-14,OIH,275.15219116210938
2022-12-14,USO,67.360000610351562
2022-12-14,XES,71.731674194335938
2022-12-14,XLE,37.673938751220703
2022-12-14,XOP,124.36000823974609
2022-12-15,BNO,26.850000381469727
2022-12-15,OIH,273.1968994140625
2022-12-15,USO,66.150001525878906
2022-12-15,XES,70.968879699707031
2022-12-15,XLE,37.445957183837891
2022-12-15,XOP,124.87757110595703
2022-12-16,BNO,26.120000839233398
2022-12-16,OIH,268.78805541992188
2022-12-16,USO,64.900001525878906
2022-12-16,XES,69.958168029785156
2022-12-16,XLE,36.985607147216797
2022-12-16,XOP,122.72560119628906
2022-12-19,BNO,26.520000457763672
2022-12-19,OIH,268.9295654296875
2022-12-19,USO,66.069999694824219
2022-12-19,XES,69.985855102539062
2022-12-19,XLE,36.981174468994141
2022-12-19,XOP,120.74126434326172
2022-12-20,BNO,26.430000305175781
2022-12-20,OIH,278.55892944335938
2022-12-20,USO,66.220001220703125
2022-12-20,XES,72.792556762695312
2022-12-20,XLE,37.539283752441406
2022-12-20,XOP,122.01233673095703
2022-12-21,BNO,27.200000762939453
2022-12-21,OIH,284.703125
2022-12-21,USO,68.05999755859375
2022-12-21,XES,74.157699584960938
2022-12-21,XLE,38.252422332763672
2022-12-21,XOP,125.11226654052734
2022-12-22,BNO,27.020000457763672
2022-12-22,OIH,276.37472534179688
2022-12-22,USO,67.699996948242188
2022-12-22,XES,72.2579345703125
2022-12-22,XLE,37.370960235595703
2022-12-22,XOP,121.17107391357422
2022-12-23,BNO,27.819999694824219
2022-12-23,OIH,286.82086181640625
2022-12-23,USO,69.319999694824219
2022-12-23,XES,75.284202575683594
2022-12-23,XLE,38.562480926513672
2022-12-23,XOP,125.84381103515625
2022-12-27,BNO,27.909999847412109
2022-12-27,OIH,288.51119995117188
2022-12-27,USO,69.529998779296875
2022-12-27,XES,75.465568542480469
2022-12-27,XLE,38.974414825439453
2022-12-27,XOP,126.66682434082031
2022-12-28,BNO,27.5
2022-12-28,OIH,279.37564086914062
2022-12-28,USO,68.580001831054688
2022-12-28,XES,73.126686096191406
2022-12-28,XLE,38.101818084716797
2022-12-28,XOP,121.04306793212891
2022-12-29,BNO,27.520000457763672
2022-12-29,OIH,286.67837524414062
2022-12-29,USO,68.529998779296875
2022-12-29,XES,75.608779907226562
2022-12-29,XLE,38.500461578369141
2022-12-29,XOP,123.64918518066406
2022-12-30,BNO,28.280000686645508
2022-12-30,OIH,288.7391357421875
2022-12-30,USO,70.110000610351562
2022-12-30,XES,76.133842468261719
2022-12-30,XLE,38.744083404541016
2022-12-30,XOP,124.25270080566406
2023-01-03,BNO,27.129999160766602
2023-01-03,OIH,275.00726318359375
2023-01-03,USO,67.639999389648438
2023-01-03,XES,71.799705505371094
2023-01-03,XLE,37.384250640869141
2023-01-03,XOP,117.30302429199219
2023-01-04,BNO,25.690000534057617
2023-01-04,OIH,276.02337646484375
2023-01-04,USO,64.300003051757812
2023-01-04,XES,72.229301452636719
2023-01-04,XLE,37.379829406738281
2023-01-04,XOP,117.71453094482422
2023-01-05,BNO,25.879999160766602
2023-01-05,OIH,281.22744750976562
2023-01-05,USO,64.779998779296875
2023-01-05,XES,73.336708068847656
2023-01-05,XLE,38.061958312988281
2023-01-05,XOP,117.88827514648438
2023-01-06,BNO,25.819999694824219
2023-01-06,OIH,290.19204711914062
2023-01-06,USO,64.830001831054688
2023-01-06,XES,75.580123901367188
2023-01-06,XLE,38.783946990966797
2023-01-06,XOP,120.30235290527344
2023-01-09,BNO,26.239999771118164
2023-01-09,OIH,296.50723266601562
2023-01-09,USO,65.879997253417969
2023-01-09,XES,77.413093566894531
2023-01-09,XLE,38.646636962890625
2023-01-09,XOP,121.52767944335938
2023-01-10,BNO,26.309999465942383
2023-01-10,OIH,302.04360961914062
2023-01-10,USO,65.900001525878906
2023-01-10,XES,79.427398681640625
2023-01-10,XLE,38.921268463134766
2023-01-10,XOP,121.93918609619141
2023-01-11,BNO,27.280000686645508
2023-01-11,OIH,301.73971557617188
2023-01-11,USO,68.050003051757812
2023-01-11,XES,79.303314208984375
2023-01-11,XLE,39.040855407714844
2023-01-11,XOP,122.89020538330078
2023-01-12,BNO,27.629999160766602
2023-01-12,OIH,309.222900390625
2023-01-12,USO,68.610000610351562
2023-01-12,XES,81.327163696289062
2023-01-12,XLE,39.784996032714844
2023-01-12,XOP,126.52046966552734
2023-01-13,BNO,28.110000610351562
2023-01-13,OIH,311.42611694335938
2023-01-13,USO,70.050003051757812
2023-01-13,XES,81.899971008300781
2023-01-13,XLE,39.842586517333984
2023-01-13,XOP,127.18798065185547
2023-01-17,BNO,28.540000915527344
2023-01-17,OIH,313.46783447265625
2023-01-17,USO,70.860000610351562
2023-01-17,XES,82.797348022460938
2023-01-17,XLE,39.926738739013672
2023-01-17,XOP,127.79155731201172
2023-01-18,BNO,27.930000305175781
2023-01-18,OIH,300.69512939453125
2023-01-18,USO,69.510002136230469
2023-01-18,XES,79.01690673828125
2023-01-18,XLE,39.195877075195312
2023-01-18,XOP,125.29515838623047
2023-01-19,BNO,28.399999618530273
2023-01-19,OIH,299.99237060546875
2023-01-19,USO,70.589996337890625
2023-01-19,XES,79.131454467773438
2023-01-19,XLE,39.683116912841797
2023-01-19,XOP,127.73667907714844
2023-01-20,BNO,28.870000839233398
2023-01-20,OIH,304.3702392578125
2023-01-20,USO,71.550003051757812
2023-01-20,XES,80.6207275390625
2023-01-20,XLE,40.077335357666016
2023-01-20,XOP,129.57466125488281
2023-01-23,BNO,28.950000762939453
2023-01-23,OIH,302.53744506835938
2023-01-23,USO,71.5
2023-01-23,XES,80.611183166503906
2023-01-23,XLE,40.130489349365234
2023-01-23,XOP,131.44013977050781
2023-01-24,BNO,28.379999160766602
2023-01-24,OIH,300.81857299804688
2023-01-24,USO,70.220001220703125
2023-01-24,XES,80.181594848632812
2023-01-24,XLE,39.9754638671875
2023-01-24,XOP,130.02276611328125
2023-01-25,BNO,28.450000762939453
2023-01-25,OIH,308.49169921875
2023-01-25,USO,70.510002136230469
2023-01-25,XES,82.510948181152344
2023-01-25,XLE,39.979885101318359
2023-01-25,XOP,129.88557434082031
2023-01-26,BNO,28.729999542236328
2023-01-26,OIH,312.89804077148438
2023-01-26,USO,70.930000305175781
2023-01-26,XES,83.112373352050781
2023-01-26,XLE,41.242263793945312
2023-01-26,XOP,133.0037841796875
2023-01-27,BNO,28.319999694824219
2023-01-27,OIH,309.52682495117188
2023-01-27,USO,69.5
2023-01-27,XES,82.348648071289062
2023-01-27,XLE,40.4095458984375
2023-01-27,XOP,131.19322204589844
2023-01-30,BNO,27.770000457763672
2023-01-30,OIH,306.89633178710938
2023-01-30,USO,68.099998474121094
2023-01-30,XES,81.489456176757812
2023-01-30,XLE,39.483798980712891
2023-01-30,XOP,126.95026397705078
2023-01-31,BNO,28.159999847412109
2023-01-31,OIH,313.4298095703125
2023-01-31,USO,69.319999694824219
2023-01-31,XES,83.599266052246094
2023-01-31,XLE,39.833717346191406
2023-01-31,XOP,128.90715026855469
2023-02-01,BNO,27.399999618530273
2023-02-01,OIH,310.87527465820312
2023-02-01,USO,67.360000610351562
2023-02-01,XES,83.494247436523438
2023-02-01,XLE,39.049713134765625
2023-02-01,XOP,125.91694641113281
2023-02-02,BNO,27.030000686645508
2023-02-02,OIH,298.06463623046875
2023-02-02,USO,66.569999694824219
2023-02-02,XES,80.763931274414062
2023-02-02,XLE,38.159404754638672
2023-02-02,XOP,123.96007537841797
2023-02-03,BNO,26.25
2023-02-03,OIH,299.78347778320312
2023-02-03,USO,64.400001525878906
2023-02-03,XES,81.518096923828125
2023-02-03,XLE,38.075241088867188
2023-02-03,XOP,123.40226745605469
2023-02-06,BNO,26.790000915527344
2023-02-06,OIH,300.61917114257812
2023-02-06,USO,65.5
2023-02-06,XES,81.546730041503906
2023-02-06,XLE,37.902488708496094
2023-02-06,XOP,120.94245147705078
2023-02-07,BNO,27.629999160766602
2023-02-07,OIH,307.55154418945312
2023-02-07,USO,67.760002136230469
2023-02-07,XES,83.608810424804688
2023-02-07,XLE,39.133872985839844
2023-02-07,XOP,125.82552337646484
2023-02-08,BNO,28.030000686645508
2023-02-08,OIH,312.44223022460938
2023-02-08,USO,68.680000305175781
2023-02-08,XES,85.413101196289062
2023-02-08,XLE,38.783946990966797
2023-02-08,XOP,124.29842376708984
2023-02-09,BNO,27.719999313354492
2023-02-09,OIH,301.69223022460938
2023-02-09,USO,67.919998168945312
2023-02-09,XES,82.176826477050781
2023-02-09,XLE,38.451740264892578
2023-02-09,XOP,122.35984039306641
2023-02-10,BNO,28.520000457763672
2023-02-10,OIH,312.66061401367188
2023-02-10,USO,69.870002746582031
2023-02-10,XES,84.945327758789062
2023-02-10,XLE,39.957740783691406
2023-02-10,XOP,128.751708984375
2023-02-13,BNO,28.340000152587891
2023-02-13,OIH,314.74984741210938
2023-02-13,USO,69.5
2023-02-13,XES,85.518112182617188
2023-02-13,XLE,39.855876922607422
2023-02-13,XOP,127.85558319091797
2023-02-14,BNO,28.25
2023-02-14,OIH,314.06610107421875
2023-02-14,USO,69.400001525878906
2023-02-14,XES,85.355827331542969
2023-02-14,XLE,39.869163513183594
2023-02-14,XOP,128.59625244140625
2023-02-15,BNO,28.149999618530273
2023-02-15,OIH,309.70724487304688
2023-02-15,USO,69.019996643066406
2023-02-15,XES,84.496627807617188
2023-02-15,XLE,39.191452026367188
2023-02-15,XOP,126.48390197753906
2023-02-16,BNO,27.909999847412109
2023-02-16,OIH,310.96078491210938
2023-02-16,USO,68.449996948242188
2023-02-16,XES,84.4775390625
2023-02-16,XLE,38.806098937988281
2023-02-16,XOP,124.81963348388672
2023-02-17,BNO,27.350000381469727
2023-02-17,OIH,296.74462890625
2023-02-17,USO,67.019996643066406
2023-02-17,XES,81.040771484375
2023-02-17,XLE,37.424118041992188
2023-02-17,XOP,119.44279479980469
2023-02-21,BNO,27.319999694824219
2023-02-21,OIH,291.1322021484375
2023-02-21,USO,66.69000244140625
2023-02-21,XES,78.892799377441406
2023-02-21,XLE,37.238086700439453
2023-02-21,XOP,117.65965270996094
2023-02-22,BNO,26.610000610351562
2023-02-22,OIH,282.75637817382812
2023-02-22,USO,64.919998168945312
2023-02-22,XES,76.382049560546875
2023-02-22,XLE,36.990043640136719
2023-02-22,XOP,117.53163909912109
2023-02-23,BNO,27.200000762939453
2023-02-23,OIH,288.33074951171875
2023-02-23,USO,66.379997253417969
2023-02-23,XES,77.880874633789062
2023-02-23,XLE,37.548133850097656
2023-02-23,XOP,121.06131744384766
2023-02-24,BNO,27.479999542236328
2023-02-24,OIH,294.34201049804688
2023-02-24,USO,67.099998474121094
2023-02-24,XES,79.904739379882812
2023-02-24,XLE,37.499420166015625
2023-02-24,XOP,122.71646118164062
2023-02-27,BNO,27.159999847412109
2023-02-27,OIH,298.88131713867188
2023-02-27,USO,66.25
2023-02-27,XES,81.909515380859375
2023-02-27,XLE,37.610149383544922
2023-02-27,XOP,123.42057037353516
2023-02-28,BNO,27.540000915527344
2023-02-28,OIH,295.244140625
2023-02-28,USO,67.209999084472656
2023-02-28,XES,81.413078308105469
2023-02-28,XLE,37.069770812988281
2023-02-28,XOP,121.59169006347656
2023-03-01,BNO,27.989999771118164
2023-03-01,OIH,303.30667114257812
2023-03-01,USO,68.069999694824219
2023-03-01,XES,83.627891540527344
2023-03-01,XLE,37.800613403320312
2023-03-01,XOP,124.35330200195312
2023-03-02,BNO,28.020000457763672
2023-03-02,OIH,309.6407470703125
2023-03-02,USO,68.300003051757812
2023-03-02,XES,85.413101196289062
2023-03-02,XLE,38.132823944091797
2023-03-02,XOP,126.05411529541016
2023-03-03,BNO,28.479999542236328
2023-03-03,OIH,313.77169799804688
2023-03-03,USO,69.860000610351562
2023-03-03,XES,86.768707275390625
2023-03-03,XLE,38.651058197021484
2023-03-03,XOP,129.06260681152344
2023-03-06,BNO,28.629999160766602
2023-03-06,OIH,312.85055541992188
2023-03-06,USO,70.489997863769531
2023-03-06,XES,86.377304077148438
2023-03-06,XLE,38.668788909912109
2023-03-06,XOP,126.54791259765625
2023-03-07,BNO,27.559999465942383
2023-03-07,OIH,306.07958984375
2023-03-07,USO,67.849998474121094
2023-03-07,XES,84.706657409667969
2023-03-07,XLE,37.995510101318359
2023-03-07,XOP,124.43558502197266
2023-03-08,BNO,27.329999923706055
2023-03-08,OIH,301.09393310546875
2023-03-08,USO,67.099998474121094
2023-03-08,XES,83.284217834472656
2023-03-08,XLE,37.605731964111328
2023-03-08,XOP,122.51528167724609
2023-03-09,BNO,27.040000915527344
2023-03-09,OIH,286.77334594726562
2023-03-09,USO,66.239997863769531
2023-03-09,XES,78.6732177734375
2023-03-09,XLE,37.074192047119141
2023-03-09,XOP,119.50679016113281
2023-03-10,BNO,27.409999847412109
2023-03-10,OIH,279.5655517578125
2023-03-10,USO,67.139999389648438
2023-03-10,XES,76.601608276367188
2023-03-10,XLE,36.600234985351562
2023-03-10,XOP,117.08356475830078
2023-03-13,BNO,26.629999160766602
2023-03-13,OIH,267.3531494140625
2023-03-13,USO,65.25
2023-03-13,XES,72.783004760742188
2023-03-13,XLE,35.856098175048828
2023-03-13,XOP,113.51729583740234
2023-03-14,BNO,25.719999313354492
2023-03-14,OIH,269.1859130859375
2023-03-14,USO,62.930000305175781
2023-03-14,XES,73.384429931640625
2023-03-14,XLE,36.210453033447266
2023-03-14,XOP,114.24884033203125
2023-03-15,BNO,24.629999160766602
2023-03-15,OIH,249.48085021972656
2023-03-15,USO,60.020000457763672
2023-03-15,XES,68.315200805664062
2023-03-15,XLE,34.265945434570312
2023-03-15,XOP,107.01570129394531
2023-03-16,BNO,24.680000305175781
2023-03-16,OIH,252.11135864257812
2023-03-16,USO,60.049999237060547
2023-03-16,XES,68.79254150390625
2023-03-16,XLE,34.638015747070312
2023-03-16,XOP,109.96016693115234
2023-03-17,BNO,24.059999465942383
2023-03-17,OIH,244.61866760253906
2023-03-17,USO,58.659999847412109
2023-03-17,XES,66.615913391113281
2023-03-17,XLE,34.093204498291016
2023-03-17,XOP,107.591796875
2023-03-20,BNO,24.489999771118164
2023-03-20,OIH,252.0828857421875
2023-03-20,USO,59.790000915527344
2023-03-20,XES,68.718948364257812
2023-03-20,XLE,34.775733947753906
2023-03-20,XOP,110.09382629394531
2023-03-21,BNO,24.989999771118164
2023-03-21,OIH,261.38937377929688
2023-03-21,USO,61.229999542236328
2023-03-21,XES,70.954803466796875
2023-03-21,XLE,35.979682922363281
2023-03-21,XOP,113.92896270751953
2023-03-22,BNO,25.170000076293945
2023-03-22,OIH,252.37727355957031
2023-03-22,USO,61.610000610351562
2023-03-22,XES,68.317649841308594
2023-03-22,XLE,35.214351654052734
2023-03-22,XOP,110.86824798583984
2023-03-23,BNO,24.909999847412109
2023-03-23,OIH,245.61581420898438
2023-03-23,USO,60.990001678466797
2023-03-23,XES,66.750640869140625
2023-03-23,XLE,34.726505279541016
2023-03-23,XOP,109.22724151611328
2023-03-24,BNO,24.840000152587891
2023-03-24,OIH,244.41925048828125
2023-03-24,USO,60.959999084472656
2023-03-24,XES,66.502197265625
2023-03-24,XLE,34.860771179199219
2023-03-24,XOP,110.37040710449219
2023-03-27,BNO,25.889999389648438
2023-03-27,OIH,255.09324645996094
2023-03-27,USO,64.150001525878906
2023-03-27,XES,69.817779541015625
2023-03-27,XLE,35.603729248046875
2023-03-27,XOP,113.46799468994141
2023-03-28,BNO,26.090000152587891
2023-03-28,OIH,261.21844482421875
2023-03-28,USO,64.550003051757812
2023-03-28,XES,71.594985961914062
2023-03-28,XLE,36.154232025146484
2023-03-28,XOP,114.9522705078125
2023-03-29,BNO,25.840000152587891
2023-03-29,OIH,263.412109375
2023-03-29,USO,64.150001525878906
2023-03-29,XES,72.196929931640625
2023-03-29,XLE,36.655502319335938
2023-03-29,XOP,116.26137542724609
2023-03-30,BNO,26.159999847412109
2023-03-30,OIH,260.48721313476562
2023-03-30,USO,65.319999694824219
2023-03-30,XES,71.088577270507812
2023-03-30,XLE,36.816627502441406
2023-03-30,XOP,116.15996551513672
2023-03-31,BNO,26.579999923706055
2023-03-31,OIH,263.1746826171875
2023-03-31,USO,66.44000244140625
2023-03-31,XES,71.862510681152344
2023-03-31,XLE,37.071735382080078
2023-03-31,XOP,117.62577819824219
2023-04-03,BNO,28.309999465942383
2023-04-03,OIH,278.72039794921875
2023-04-03,USO,70.269996643066406
2023-04-03,XES,76.152671813964844
2023-04-03,XLE,38.750110626220703
2023-04-03,XOP,123.42459106445312
2023-04-04,BNO,28.260000228881836
2023-04-04,OIH,269.80319213867188
2023-04-04,USO,70.269996643066406
2023-04-04,XES,73.496414184570312
2023-04-04,XLE,38.04742431640625
2023-04-04,XOP,120.58509826660156
2023-04-05,BNO,28.280000686645508
2023-04-05,OIH,268.43576049804688
2023-04-05,USO,70.239997863769531
2023-04-05,XES,73.104660034179688
2023-04-05,XLE,38.620307922363281
2023-04-05,XOP,121.74671173095703
2023-04-06,BNO,28.329999923706055
2023-04-06,OIH,264.31423950195312
2023-04-06,USO,70.260002136230469
2023-04-06,XES,72.0440673828125
2023-04-06,XLE,38.03399658203125
2023-04-06,XOP,120.03195190429688
2023-04-10,BNO,28.090000152587891
2023-04-10,OIH,267.83746337890625
2023-04-10,USO,69.760002136230469
2023-04-10,XES,73.075996398925781
2023-04-10,XLE,38.338348388671875
2023-04-10,XOP,122.61328887939453
2023-04-11,BNO,28.520000457763672
2023-04-11,OIH,271.77847290039062
2023-04-11,USO,71.069999694824219
2023-04-11,XES,73.744834899902344
2023-04-11,XLE,38.700870513916016
2023-04-11,XOP,124.30961608886719
2023-04-12,BNO,29.090000152587891
2023-04-12,OIH,273.35488891601562
2023-04-12,USO,72.430000305175781
2023-04-12,XES,74.165275573730469
2023-04-12,XLE,38.727725982666016
2023-04-12,XOP,123.2955322265625
2023-04-13,BNO,28.780000686645508
2023-04-13,OIH,274.18109130859375
2023-04-13,USO,71.800003051757812
2023-04-13,XES,74.509246826171875
2023-04-13,XLE,38.969409942626953
2023-04-13,XOP,124.03302001953125
2023-04-14,BNO,28.860000610351562
2023-04-14,OIH,273.57330322265625
2023-04-14,USO,72.089996337890625
2023-04-14,XES,74.346786499023438
2023-04-14,XLE,39.041019439697266
2023-04-14,XOP,123.92240142822266
2023-04-17,BNO,28.319999694824219
2023-04-17,OIH,272.2437744140625
2023-04-17,USO,70.839996337890625
2023-04-17,XES,73.869056701660156
2023-04-17,XLE,38.580024719238281
2023-04-17,XOP,121.70059967041016
2023-04-18,BNO,28.270000457763672
2023-04-18,OIH,272.32925415039062
2023-04-18,USO,70.730003356933594
2023-04-18,XES,73.687522888183594
2023-04-18,XLE,38.732196807861328
2023-04-18,XOP,121.28575134277344
2023-04-19,BNO,27.719999313354492
2023-04-19,OIH,272.74710083007812
2023-04-19,USO,69.300003051757812
2023-04-19,XES,73.677955627441406
2023-04-19,XLE,38.597930908203125
2023-04-19,XOP,119.92134094238281
2023-04-20,BNO,27.049999237060547
2023-04-20,OIH,268.57818603515625
2023-04-20,USO,67.599998474121094
2023-04-20,XES,72.3975830078125
2023-04-20,XLE,38.257781982421875
2023-04-20,XOP,118.02220916748047
2023-04-21,BNO,27.309999465942383
2023-04-21,OIH,263.82998657226562
2023-04-21,USO,68.209999084472656
2023-04-21,XES,71.442108154296875
2023-04-21,XLE,38.03399658203125
2023-04-21,XOP,116.9989013671875
2023-04-24,BNO,27.680000305175781
2023-04-24,OIH,271.76898193359375
2023-04-24,USO,69.25
2023-04-24,XES,73.935920715332031
2023-04-24,XLE,38.615829467773438
2023-04-24,XOP,119.14694976806641
2023-04-25,BNO,27.010000228881836
2023-04-25,OIH,260.63912963867188
2023-04-25,USO,67.620002746582031
2023-04-25,XES,70.266845703125
2023-04-25,XLE,37.890785217285156
2023-04-25,XOP,115.25650024414062
2023-04-26,BNO,26.069999694824219
2023-04-26,OIH,255.26416015625
2023-04-26,USO,65.360000610351562
2023-04-26,XES,69.02471923828125
2023-04-26,XLE,37.385036468505859
2023-04-26,XOP,113.24674224853516
2023-04-27,BNO,26.260000228881836
2023-04-27,OIH,254.5804443359375
2023-04-27,USO,65.80999755859375
2023-04-27,XES,69.139373779296875
2023-04-27,XLE,37.519298553466797
2023-04-27,XOP,114.12255859375
2023-04-28,BNO,26.940000534057617
2023-04-28,OIH,260.32577514648438
2023-04-28,USO,67.5
2023-04-28,XES,70.496170043945312
2023-04-28,XLE,38.101139068603516
2023-04-28,XOP,117.18327331542969
2023-05-01,BNO,26.649999618530273
2023-05-01,OIH,259.52810668945312
2023-05-01,USO,66.550003051757812
2023-05-01,XES,70.314620971679688
2023-05-01,XLE,37.671470642089844
2023-05-01,XOP,116.36280059814453
2023-05-02,BNO,25.270000457763672
2023-05-02,OIH,243.82096862792969
2023-05-02,USO,63.049999237060547
2023-05-02,XES,66.053138732910156
2023-05-02,XLE,36.033390045166016
2023-05-02,XOP,110.99730682373047
2023-05-03,BNO,24.149999618530273
2023-05-03,OIH,240.76312255859375
2023-05-03,USO,60.310001373291016
2023-05-03,XES,65.193183898925781
2023-05-03,XLE,35.353092193603516
2023-05-03,XOP,108.83082580566406
2023-05-04,BNO,24.319999694824219
2023-05-04,OIH,241.76025390625
2023-05-04,USO,60.700000762939453
2023-05-04,XES,65.871589660644531
2023-05-04,XLE,34.959236145019531
2023-05-04,XOP,107.19904327392578
2023-05-05,BNO,25.290000915527344
2023-05-05,OIH,248.40774536132812
2023-05-05,USO,63.029998779296875
2023-05-05,XES,67.916336059570312
2023-05-05,XLE,35.908077239990234
2023-05-05,XOP,110.93278503417969
2023-05-08,BNO,25.760000228881836
2023-05-08,OIH,248.90158081054688
2023-05-08,USO,64.260002136230469
2023-05-08,XES,67.620140075683594
2023-05-08,XLE,35.908077239990234
2023-05-08,XOP,111.23699951171875
2023-05-09,BNO,25.950000762939453
2023-05-09,OIH,249.87969970703125
2023-05-09,USO,64.870002746582031
2023-05-09,XES,67.897232055664062
2023-05-09,XLE,35.921501159667969
2023-05-09,XOP,110.62853240966797
2023-05-10,BNO,25.729999542236328
2023-05-10,OIH,246.74586486816406
2023-05-10,USO,64.389999389648438
2023-05-10,XES,67.543708801269531
2023-05-10,XLE,35.514217376708984
2023-05-10,XOP,109.992431640625
2023-05-11,BNO,25.379999160766602
2023-05-11,OIH,239.66152954101562
2023-05-11,USO,63.25
2023-05-11,XES,65.661384582519531
2023-05-11,XLE,35.089027404785156
2023-05-11,XOP,108.71097564697266
2023-05-12,BNO,24.940000534057617
2023-05-12,OIH,240.25979614257812
2023-05-12,USO,62.069999694824219
2023-05-12,XES,65.900253295898438
2023-05-12,XLE,35.142738342285156
2023-05-12,XOP,109.72508239746094
2023-05-15,BNO,25.319999694824219
2023-05-15,OIH,243.03276062011719
2023-05-15,USO,62.990001678466797
2023-05-15,XES,66.626426696777344
2023-05-15,XLE,35.321762084960938
2023-05-15,XOP,111.79934692382812
2023-05-16,BNO,25.079999923706055
2023-05-16,OIH,236.52772521972656
2023-05-16,USO,62.540000915527344
2023-05-16,XES,64.916099548339844
2023-05-16,XLE,34.4534912109375
2023-05-16,XOP,108.60955810546875
2023-05-17,BNO,25.850000381469727
2023-05-17,OIH,242.83334350585938
2023-05-17,USO,64.599998474121094
2023-05-17,XES,66.702865600585938
2023-05-17,XLE,35.115882873535156
2023-05-17,XOP,110.98809814453125
2023-05-18,BNO,25.559999465942383
2023-05-18,OIH,246.20458984375
2023-05-18,USO,64.040000915527344
2023-05-18,XES,67.591476440429688
2023-05-18,XLE,35.370994567871094
2023-05-18,XOP,113.21908569335938
2023-05-19,BNO,25.530000686645508
2023-05-19,OIH,246.91680908203125
2023-05-19,USO,63.900001525878906
2023-05-19,XES,67.687026977539062
2023-05-19,XLE,35.644008636474609
2023-05-19,XOP,113.43113708496094
2023-05-22,BNO,25.559999465942383
2023-05-22,OIH,251.53207397460938
2023-05-22,USO,63.909999847412109
2023-05-22,XES,69.340019226074219
2023-05-22,XLE,35.496311187744141
2023-05-22,XOP,115.40399932861328
2023-05-23,BNO,25.920000076293945
2023-05-23,OIH,252.27278137207031
2023-05-23,USO,64.870002746582031
2023-05-23,XES,69.559783935546875
2023-05-23,XLE,35.876743316650391
2023-05-23,XOP,115.69901275634766
2023-05-24,BNO,26.270000457763672
2023-05-24,OIH,254.42851257324219
2023-05-24,USO,65.660003662109375
2023-05-24,XES,70.142646789550781
2023-05-24,XLE,36.033390045166016
2023-05-24,XOP,116.30747222900391
2023-05-25,BNO,25.680000305175781
2023-05-25,OIH,247.97091674804688
2023-05-25,USO,64.089996337890625
2023-05-25,XES,68.050102233886719
2023-05-25,XLE,35.393375396728516
2023-05-25,XOP,113.17299652099609
2023-05-26,BNO,25.989999771118164
2023-05-26,OIH,246.71736145019531
2023-05-26,USO,64.800003051757812
2023-05-26,XES,67.839912414550781
2023-05-26,XLE,35.254623413085938
2023-05-26,XOP,112.78578948974609
2023-05-30,BNO,24.959999084472656
2023-05-30,OIH,243.13722229003906
2023-05-30,USO,62.299999237060547
2023-05-30,XES,66.454444885253906
2023-05-30,XLE,34.892101287841797
2023-05-30,XOP,110.55478668212891
2023-05-31,BNO,24.389999389648438
2023-05-31,OIH,234.35302734375
2023-05-31,USO,60.630001068115234
2023-05-31,XES,64.113479614257812
2023-05-31,XLE,34.278938293457031
2023-05-31,XOP,108.86769104003906
2023-06-01,BNO,25.040000915527344
2023-06-01,OIH,246.12858581542969
2023-06-01,USO,62.549999237060547
2023-06-01,XES,67.438591003417969
2023-06-01,XLE,34.704116821289062
2023-06-01,XOP,109.67897033691406
2023-06-02,BNO,25.760000228881836
2023-06-02,OIH,258.73040771484375
2023-06-02,USO,64.150001525878906
2023-06-02,XES,71.270111083984375
2023-06-02,XLE,35.760368347167969
2023-06-02,XOP,114.18709564208984
2023-06-05,BNO,25.780000686645508
2023-06-05,OIH,254.26702880859375
2023-06-05,USO,64.029998779296875
2023-06-05,XES,69.808212280273438
2023-06-05,XLE,35.523174285888672
2023-06-05,XOP,112.59217834472656
2023-06-06,BNO,25.659999847412109
2023-06-06,OIH,257.410400390625
2023-06-06,USO,63.790000915527344
2023-06-06,XES,70.467498779296875
2023-06-06,XLE,35.809604644775391
2023-06-06,XOP,114.77711486816406
2023-06-07,BNO,25.959999084472656
2023-06-07,OIH,265.14993286132812
2023-06-07,USO,64.709999084472656
2023-06-07,XES,72.751129150390625
2023-06-07,XLE,36.758445739746094
2023-06-07,XOP,118.99944305419922
2023-06-08,BNO,25.530000686645508
2023-06-08,OIH,264.18136596679688
2023-06-08,USO,63.459999084472656
2023-06-08,XES,72.942237854003906
2023-06-08,XLE,36.601799011230469
2023-06-08,XOP,118.38175201416016
2023-06-09,BNO,25.280000686645508
2023-06-09,OIH,262.48147583007812
2023-06-09,USO,62.930000305175781
2023-06-09,XES,72.187393188476562
2023-06-09,XLE,36.400386810302734
2023-06-09,XOP,117.34922790527344
2023-06-12,BNO,24.239999771118164
2023-06-12,OIH,255.90045166015625
2023-06-12,USO,60.240001678466797
2023-06-12,XES,69.817779541015625
2023-06-12,XLE,36.051292419433594
2023-06-12,XOP,115.38556671142578
2023-06-13,BNO,24.989999771118164
2023-06-13,OIH,261.48434448242188
2023-06-13,USO,62.139999389648438
2023-06-13,XES,71.394332885742188
2023-06-13,XLE,36.221366882324219
2023-06-13,XOP,116.58404541015625
2023-06-14,BNO,24.870000839233398
2023-06-14,OIH,259.49960327148438
2023-06-14,USO,61.830001831054688
2023-06-14,XES,70.821029663085938
2023-06-14,XLE,35.849880218505859
2023-06-14,XOP,114.96148681640625
2023-06-15,BNO,25.530000686645508
2023-06-15,OIH,264.42822265625
2023-06-15,USO,63.409999847412109
2023-06-15,XES,72.368927001953125
2023-06-15,XLE,36.243747711181641
2023-06-15,XOP,117.25703430175781
2023-06-16,BNO,25.850000381469727
2023-06-16,OIH,262.39599609375
2023-06-16,USO,64.349998474121094
2023-06-16,XES,71.308334350585938
2023-06-16,XLE,36.190032958984375
2023-06-16,XOP,117.76407623291016
2023-06-20,BNO,25.670000076293945
2023-06-20,OIH,258.39801025390625
2023-06-20,USO,63.919998168945312
2023-06-20,XES,70.498428344726562
2023-06-20,XLE,35.380027770996094
2023-06-20,XOP,114.90785217285156
2023-06-21,BNO,26.090000152587891
2023-06-21,OIH,261.74072265625
2023-06-21,USO,65.040000915527344
2023-06-21,XES,71.513221740722656
2023-06-21,XLE,35.65997314453125
2023-06-21,XOP,116.07706451416016
2023-06-22,BNO,25.079999923706055
2023-06-22,OIH,256.91656494140625
2023-06-22,USO,62.520000457763672
2023-06-22,XES,70.20166015625
2023-06-22,XLE,35.181373596191406
2023-06-22,XOP,113.87783050537109
2023-06-23,BNO,25.040000915527344
2023-06-23,OIH,253.93467712402344
2023-06-23,USO,62.419998168945312
2023-06-23,XES,69.225166320800781
2023-06-23,XLE,34.928524017333984
2023-06-23,XOP,112.91275787353516
2023-06-26,BNO,25.180000305175781
2023-06-26,OIH,259.68951416015625
2023-06-26,USO,62.729999542236328
2023-06-26,XES,70.929229736328125
2023-06-26,XLE,35.556125640869141
2023-06-26,XOP,114.65731048583984
2023-06-27,BNO,24.520000457763672
2023-06-27,OIH,263.10821533203125
2023-06-27,USO,61.299999237060547
2023-06-27,XES,71.742973327636719
2023-06-27,XLE,35.63739013671875
2023-06-27,XOP,115.27902984619141
2023-06-28,BNO,24.959999084472656
2023-06-28,OIH,263.39312744140625
2023-06-28,USO,62.520000457763672
2023-06-28,XES,71.60894775390625
2023-06-28,XLE,35.99859619140625
2023-06-28,XOP,116.58744049072266
2023-06-29,BNO,25.180000305175781
2023-06-29,OIH,268.45474243164062
2023-06-29,USO,62.959999084472656
2023-06-29,XES,73.20770263671875
2023-06-29,XLE,36.413982391357422
2023-06-29,XOP,118.84236145019531
2023-06-30,BNO,25.469999313354492
2023-06-30,OIH,273.11746215820312
2023-06-30,USO,63.549999237060547
2023-06-30,XES,74.835174560546875
2023-06-30,XLE,36.648765563964844
2023-06-30,XOP,119.54759979248047
2023-07-03,BNO,25.420000076293945
2023-07-03,OIH,276.03289794921875
2023-07-03,USO,63.389999389648438
2023-07-03,XES,75.63934326171875
2023-07-03,XLE,36.734550476074219
2023-07-03,XOP,119.71462249755859
2023-07-05,BNO,25.940000534057617
2023-07-05,OIH,275.70999145507812
2023-07-05,USO,64.629997253417969
2023-07-05,XES,75.601051330566406
2023-07-05,XLE,36.531379699707031
2023-07-05,XOP,119.14857482910156
2023-07-06,BNO,25.899999618530273
2023-07-06,OIH,273.51629638671875
2023-07-06,USO,64.44000244140625
2023-07-06,XES,74.816032409667969
2023-07-06,XLE,35.709632873535156
2023-07-06,XOP,116.15131378173828
2023-07-07,BNO,26.479999542236328
2023-07-07,OIH,292.205322265625
2023-07-07,USO,65.849998474121094
2023-07-07,XES,80.033523559570312
2023-07-07,XLE,36.477195739746094
2023-07-07,XOP,119.44553375244141
2023-07-10,BNO,26.340000152587891
2023-07-10,OIH,294.85479736328125
2023-07-10,USO,65.540000915527344
2023-07-10,XES,80.923843383789062
2023-07-10,XLE,36.761646270751953
2023-07-10,XOP,120.45700073242188
2023-07-11,BNO,26.889999389648438
2023-07-11,OIH,305.072998046875
2023-07-11,USO,67.029998779296875
2023-07-11,XES,83.288482666015625
2023-07-11,XLE,37.569839477539062
2023-07-11,XOP,123.44498443603516
2023-07-12,BNO,27.190000534057617
2023-07-12,OIH,307.48507690429688
2023-07-12,USO,67.870002746582031
2023-07-12,XES,83.862876892089844
2023-07-12,XLE,37.917491912841797
2023-07-12,XOP,123.89040374755859
2023-07-13,BNO,27.659999847412109
2023-07-13,OIH,309.50784301757812
2023-07-13,USO,69.089996337890625
2023-07-13,XES,84.504287719726562
2023-07-13,XLE,37.773017883300781
2023-07-13,XOP,124.21518707275391
2023-07-14,BNO,26.989999771118164
2023-07-14,OIH,304.52218627929688
2023-07-14,USO,67.470001220703125
2023-07-14,XES,82.982124328613281
2023-07-14,XLE,36.775184631347656
2023-07-14,XOP,119.77030181884766
2023-07-17,BNO,26.559999465942383
2023-07-17,OIH,307.2381591796875
2023-07-17,USO,66.580001831054688
2023-07-17,XES,84.025619506835938
2023-07-17,XLE,36.702945709228516
2023-07-17,XOP,120.28066253662109
2023-07-18,BNO,26.989999771118164
2023-07-18,OIH,314.79733276367188
2023-07-18,USO,67.959999084472656
2023-07-18,XES,86.371101379394531
2023-07-18,XLE,37.07318115234375
2023-07-18,XOP,123.65841674804688
2023-07-19,BNO,26.909999847412109
2023-07-19,OIH,314.16107177734375
2023-07-19,USO,67.69000244140625
2023-07-19,XES,86.361541748046875
2023-07-19,XLE,37.289901733398438
2023-07-19,XOP,124.28942108154297
2023-07-20,BNO,26.989999771118164
2023-07-20,OIH,312.52767944335938
2023-07-20,USO,68.050003051757812
2023-07-20,XES,85.662673950195312
2023-07-20,XLE,37.727863311767578
2023-07-20,XOP,125.60710906982422
2023-07-21,BNO,27.379999160766602
2023-07-21,OIH,312.48968505859375
2023-07-21,USO,68.989997863769531
2023-07-21,XES,85.815849304199219
2023-07-21,XLE,38.061985015869141
2023-07-21,XOP,126.27520751953125
2023-07-24,BNO,28.059999465942383
2023-07-24,OIH,319.55502319335938
2023-07-24,USO,70.69000244140625
2023-07-24,XES,87.826271057128906
2023-07-24,XLE,38.676040649414062
2023-07-24,XOP,128.32597351074219
2023-07-25,BNO,28.25
2023-07-25,OIH,321.68222045898438
2023-07-25,USO,71.160003662109375
2023-07-25,XES,88.42938232421875
2023-07-25,XLE,38.879215240478516
2023-07-25,XOP,128.75283813476562
2023-07-26,BNO,28.040000915527344
2023-07-26,OIH,320.628173828125
2023-07-26,USO,70.660003662109375
2023-07-26,XES,88.659149169921875
2023-07-26,XLE,38.892749786376953
2023-07-26,XOP,129.1240234375
2023-07-27,BNO,28.340000152587891
2023-07-27,OIH,315.87042236328125
2023-07-27,USO,71.430000305175781
2023-07-27,XES,87.156120300292969
2023-07-27,XLE,38.644420623779297
2023-07-27,XOP,128.18679809570312
2023-07-28,BNO,28.639999389648438
2023-07-28,OIH,320.50466918945312
2023-07-28,USO,72.089996337890625
2023-07-28,XES,88.544258117675781
2023-07-28,XLE,38.761817932128906
2023-07-28,XOP,130.76649475097656
2023-07-31,BNO,29.040000915527344
2023-07-31,OIH,326.43045043945312
2023-07-31,USO,73.169998168945312
2023-07-31,XES,90.344070434570312
2023-07-31,XLE,39.497768402099609
2023-07-31,XOP,132.72447204589844
2023-08-01,BNO,28.930000305175781
2023-08-01,OIH,324.49319458007812
2023-08-01,USO,72.959999084472656
2023-08-01,XES,90.047279357910156
2023-08-01,XLE,39.312656402587891
2023-08-01,XOP,132.288330078125
2023-08-02,BNO,28.370000839233398
2023-08-02,OIH,322.16656494140625
2023-08-02,USO,71.480003356933594
2023-08-02,XES,89.051658630371094
2023-08-02,XLE,38.797935485839844
2023-08-02,XOP,130.135498046875
2023-08-03,BNO,28.979999542236328
2023-08-03,OIH,325.02499389648438
2023-08-03,USO,73.139999389648438
2023-08-03,XES,90.210037231445312
2023-08-03,XLE,39.190753936767578
2023-08-03,XOP,132.84510803222656
2023-08-04,BNO,29.229999542236328
2023-08-04,OIH,324.61663818359375
2023-08-04,USO,73.790000915527344
2023-08-04,XES,89.894111633300781
2023-08-04,XLE,39.24493408203125
2023-08-04,XOP,133.84727478027344
2023-08-07,BNO,29.170000076293945
2023-08-07,OIH,322.30899047851562
2023-08-07,USO,73.819999694824219
2023-08-07,XES,88.965499877929688
2023-08-07,XLE,39.290073394775391
2023-08-07,XOP,134.58961486816406
2023-08-08,BNO,29.25
2023-08-08,OIH,324.227294921875
2023-08-08,USO,74.05999755859375
2023-08-08,XES,89.463302612304688
2023-08-08,XLE,39.484226226806641
2023-08-08,XOP,135.84239196777344
2023-08-09,BNO,29.729999542236328
2023-08-09,OIH,328.17779541015625
2023-08-09,USO,75.099998474121094
2023-08-09,XES,90.420646667480469
2023-08-09,XLE,39.980880737304688
2023-08-09,XOP,137.65187072753906
2023-08-10,BNO,29.379999160766602
2023-08-10,OIH,326.25955200195312
2023-08-10,USO,74.199996948242188
2023-08-10,XES,89.779228210449219
2023-08-10,XLE,39.976375579833984
2023-08-10,XOP,136.473388671875
2023-08-11,BNO,29.489999771118164
2023-08-11,OIH,329.77322387695312
2023-08-11,USO,74.25
2023-08-11,XES,90.602546691894531
2023-08-11,XLE,40.590415954589844
2023-08-11,XOP,138.0880126953125
2023-08-14,BNO,29.350000381469727
2023-08-14,OIH,326.70587158203125
2023-08-14,USO,73.80999755859375
2023-08-14,XES,89.539878845214844
2023-08-14,XLE,40.418849945068359
2023-08-14,XOP,137.12294006347656
2023-08-15,BNO,28.889999389648438
2023-08-15,OIH,320.92251586914062
2023-08-15,USO,72.620002746582031
2023-08-15,XES,87.950721740722656
2023-08-15,XLE,39.579044342041016
2023-08-15,XOP,134.55255126953125
2023-08-16,BNO,28.309999465942383
2023-08-16,OIH,319.7449951171875
2023-08-16,USO,71.370002746582031
2023-08-16,XES,87.577362060546875
2023-08-16,XLE,39.23590087890625
2023-08-16,XOP,133.94935607910156
2023-08-17,BNO,28.520000457763672
2023-08-17,OIH,318.62435913085938
2023-08-17,USO,71.980003356933594
2023-08-17,XES,87.127418518066406
2023-08-17,XLE,39.705459594726562
2023-08-17,XOP,135.81454467773438
2023-08-18,BNO,28.860000610351562
2023-08-18,OIH,321.65374755859375
2023-08-18,USO,72.790000915527344
2023-08-18,XES,88.43896484375
2023-08-18,XLE,40.098270416259766
2023-08-18,XOP,137.23429870605469
2023-08-21,BNO,28.760000228881836
2023-08-21,OIH,319.45062255859375
2023-08-21,USO,72.580001831054688
2023-08-21,XES,87.807106018066406
2023-08-21,XLE,39.845432281494141
2023-08-21,XOP,137.38276672363281
2023-08-22,BNO,28.649999618530273
2023-08-22,OIH,315.50009155273438
2023-08-22,USO,72.279998779296875
2023-08-22,XES,86.821052551269531
2023-08-22,XLE,39.538410186767578
2023-08-22,XOP,135.9815673828125
2023-08-23,BNO,28.270000457763672
2023-08-23,OIH,318.46295166015625
2023-08-23,USO,71.360000610351562
2023-08-23,XES,87.491180419921875
2023-08-23,XLE,39.439079284667969
2023-08-23,XOP,134.59890747070312
2023-08-24,BNO,28.319999694824219
2023-08-24,OIH,314.74984741210938
2023-08-24,USO,71.410003662109375
2023-08-24,XES,86.275367736816406
2023-08-24,XLE,39.168178558349609
2023-08-24,XOP,133.7174072265625
2023-08-25,BNO,28.799999237060547
2023-08-25,OIH,314.4649658203125
2023-08-25,USO,72.449996948242188
2023-08-25,XES,86.390243530273438
2023-08-25,XLE,39.547439575195312
2023-08-25,XOP,135.44334411621094
2023-08-28,BNO,28.719999313354492
2023-08-28,OIH,319.45062255859375
2023-08-28,USO,72.410003662109375
2023-08-28,XES,87.481613159179688
2023-08-28,XLE,39.813823699951172
2023-08-28,XOP,136.23211669921875
2023-08-29,BNO,29.059999465942383
2023-08-29,OIH,322.34701538085938
2023-08-29,USO,73.319999694824219
2023-08-29,XES,88.218780517578125
2023-08-29,XLE,39.922191619873047
2023-08-29,XOP,136.91879272460938
2023-08-30,BNO,29.190000534057617
2023-08-30,OIH,324.6356201171875
2023-08-30,USO,73.660003662109375
2023-08-30,XES,88.87933349609375
2023-08-30,XLE,40.120853424072266
2023-08-30,XOP,137.84672546386719
2023-08-31,BNO,29.719999313354492
2023-08-31,OIH,323.57205200195312
2023-08-31,USO,75.05999755859375
2023-08-31,XES,89.032508850097656
2023-08-31,XLE,40.147933959960938
2023-08-31,XOP,137.96734619140625
2023-09-01,BNO,30.440000534057617
2023-09-01,OIH,332.07135009765625
2023-09-01,USO,76.919998168945312
2023-09-01,XES,91.942817687988281
2023-09-01,XLE,40.969688415527344
2023-09-01,XOP,141.3729248046875
2023-09-05,BNO,30.870000839233398
2023-09-05,OIH,334.8157958984375
2023-09-05,USO,77.760002136230469
2023-09-05,XES,92.574661254882812
2023-09-05,XLE,41.186412811279297
2023-09-05,XOP,140.58419799804688
2023-09-06,BNO,31.139999389648438
2023-09-06,OIH,335.99334716796875
2023-09-06,USO,78.519996643066406
2023-09-06,XES,92.852287292480469
2023-09-06,XLE,41.204463958740234
2023-09-06,XOP,140.54707336425781
2023-09-07,BNO,30.879999160766602
2023-09-07,OIH,334.2840576171875
2023-09-07,USO,77.949996948242188
2023-09-07,XES,92.450210571289062
2023-09-07,XLE,41.163825988769531
2023-09-07,XOP,140.53778076171875
2023-09-08,BNO,31.030000686645508
2023-09-08,OIH,335.2906494140625
2023-09-08,USO,78.300003051757812
2023-09-08,XES,93.110763549804688
2023-09-08,XLE,41.5611572265625
2023-09-08,XOP,142.15240478515625
2023-09-11,BNO,31.069999694824219
2023-09-11,OIH,335.85092163085938
2023-09-11,USO,78.370002746582031
2023-09-11,XES,93.388404846191406
2023-09-11,XLE,41.014835357666016
2023-09-11,XOP,139.35929870605469
2023-09-12,BNO,31.620000839233398
2023-09-12,OIH,344.05584716796875
2023-09-12,USO,79.699996948242188
2023-09-12,XES,95.571136474609375
2023-09-12,XLE,41.981060028076172
2023-09-12,XOP,142.72773742675781
2023-09-13,BNO,31.610000610351562
2023-09-13,OIH,336.724609375
2023-09-13,USO,79.680000305175781
2023-09-13,XES,93.503273010253906
2023-09-13,XLE,41.665004730224609
2023-09-13,XOP,141.07601928710938
2023-09-14,BNO,32.220001220703125
2023-09-14,OIH,341.60574340820312
2023-09-14,USO,81.120002746582031
2023-09-14,XES,95.035011291503906
2023-09-14,XLE,42.152629852294922
2023-09-14,XOP,141.77197265625
2023-09-15,BNO,32.319999694824219
2023-09-15,OIH,338.95626831054688
2023-09-15,USO,81.290000915527344
2023-09-15,XES,94.297859191894531
2023-09-15,XLE,41.543098449707031
2023-09-15,XOP,139.35929870605469
2023-09-18,BNO,32.439998626708984
2023-09-18,OIH,340.62762451171875
2023-09-18,USO,81.449996948242188
2023-09-18,XES,94.593208312988281
2023-09-18,XLE,41.895137786865234
2023-09-18,XOP,139.39845275878906
2023-09-19,BNO,32.450000762939453
2023-09-19,OIH,333.562255859375
2023-09-19,USO,81.5
2023-09-19,XES,92.34942626953125
2023-09-19,XLE,41.503978729248047
2023-09-19,XOP,137.85945129394531
2023-09-20,BNO,31.969999313354492
2023-09-20,OIH,331.25466918945312
2023-09-20,USO,80.139999389648438
2023-09-20,XES,92.033004760742188
2023-09-20,XLE,41.11737060546875
2023-09-20,XOP,135.74211120605469
2023-09-21,BNO,32.009998321533203
2023-09-21,OIH,325.63272094726562
2023-09-21,USO,80.410003662109375
2023-09-21,XES,90.2686767578125
2023-09-21,XLE,40.553371429443359
2023-09-21,XOP,134.16580200195312
2023-09-22,BNO,32.049999237060547
2023-09-22,OIH,327.84542846679688
2023-09-22,USO,80.629997253417969
2023-09-22,XES,91.026191711425781
2023-09-22,XLE,40.621593475341797
2023-09-22,XOP,133.77401733398438
2023-09-25,BNO,31.989999771118164
2023-09-25,OIH,332.51766967773438
2023-09-25,USO,80.389999389648438
2023-09-25,XES,92.445327758789062
2023-09-25,XLE,41.131019592285156
2023-09-25,XOP,136.23646545410156
2023-09-26,BNO,32.169998168945312
2023-09-26,OIH,329.4503173828125
2023-09-26,USO,80.879997253417969
2023-09-26,XES,91.659049987792969
2023-09-26,XLE,40.894496917724609
2023-09-26,XOP,135.64883422851562
2023-09-27,BNO,32.779998779296875
2023-09-27,OIH,339.46905517578125
2023-09-27,USO,82.900001525878906
2023-09-27,XES,95.130180358886719
2023-09-27,XLE,41.913337707519531
2023-09-27,XOP,139.65962219238281
2023-09-28,BNO,32.369998931884766
2023-09-28,OIH,337.48434448242188
2023-09-28,USO,81.569999694824219
2023-09-28,XES,94.22882080078125
2023-09-28,XLE,41.958816528320312
2023-09-28,XOP,140.4151611328125
2023-09-29,BNO,32.069999694824219
2023-09-29,OIH,327.66500854492188
2023-09-29,USO,80.860000610351562
2023-09-29,XES,91.841224670410156
2023-09-29,XLE,41.112812042236328
2023-09-29,XOP,137.9620361328125
2023-10-02,BNO,31.5
2023-10-02,OIH,319.58352661132812
2023-10-02,USO,79.389999389648438
2023-10-02,XES,88.76324462890625
2023-10-02,XLE,40.294105529785156
2023-10-02,XOP,133.36361694335938
2023-10-03,BNO,31.719999313354492
2023-10-03,OIH,320.7041015625
2023-10-03,USO,79.930000305175781
2023-10-03,XES,89.012542724609375
2023-10-03,XLE,40.266822814941406
2023-10-03,XOP,132.85995483398438
2023-10-04,BNO,29.989999771118164
2023-10-04,OIH,306.53543090820312
2023-10-04,USO,75.589996337890625
2023-10-04,XES,84.688018798828125
2023-10-04,XLE,39.002365112304688
2023-10-04,XOP,127.58061218261719
2023-10-05,BNO,29.290000915527344
2023-10-05,OIH,305.00650024414062
2023-10-05,USO,73.989997863769531
2023-10-05,XES,84.045555114746094
2023-10-05,XLE,38.761302947998047
2023-10-05,XOP,127.73917388916016
2023-10-06,BNO,29.389999389648438
2023-10-06,OIH,308.71011352539062
2023-10-06,USO,74.160003662109375
2023-10-06,XES,85.253746032714844
2023-10-06,XLE,38.993274688720703
2023-10-06,XOP,130.071044921875
2023-10-09,BNO,30.690000534057617
2023-10-09,OIH,322.51791381835938
2023-10-09,USO,77.129997253417969
2023-10-09,XES,88.97418212890625
2023-10-09,XLE,40.294105529785156
2023-10-09,XOP,135.47163391113281
2023-10-10,BNO,30.479999542236328
2023-10-10,OIH,323.20169067382812
2023-10-10,USO,76.709999084472656
2023-10-10,XES,89.213912963867188
2023-10-10,XLE,40.344150543212891
2023-10-10,XOP,135.88201904296875
2023-10-11,BNO,30.059999465942383
2023-10-11,OIH,325.16741943359375
2023-10-11,USO,75.669998168945312
2023-10-11,XES,89.865943908691406
2023-10-11,XLE,39.82562255859375
2023-10-11,XOP,135.65817260742188
2023-10-12,BNO,30.110000610351562
2023-10-12,OIH,322.57492065429688
2023-10-12,USO,75.419998168945312
2023-10-12,XES,88.830337524414062
2023-10-12,XLE,39.871112823486328
2023-10-12,XOP,135.704833984375
2023-10-13,BNO,31.670000076293945
2023-10-13,OIH,327.63653564453125
2023-10-13,USO,78.989997863769531
2023-10-13,XES,90.431694030761719
2023-10-13,XLE,40.748947143554688
2023-10-13,XOP,138.56832885742188
2023-10-16,BNO,31.370000839233398
2023-10-16,OIH,327.190185546875
2023-10-16,USO,78.389999389648438
2023-10-16,XES,89.856361389160156
2023-10-16,XLE,41.021854400634766
2023-10-16,XOP,139.96745300292969
2023-10-17,BNO,31.479999542236328
2023-10-17,OIH,332.72659301757812
2023-10-17,USO,78.800003051757812
2023-10-17,XES,91.659049987792969
2023-10-17,XLE,41.449398040771484
2023-10-17,XOP,141.61839294433594
2023-10-18,BNO,31.840000152587891
2023-10-18,OIH,331.68197631835938
2023-10-18,USO,79.839996337890625
2023-10-18,XES,91.323440551757812
2023-10-18,XLE,41.826911926269531
2023-10-18,XOP,142.68173217773438
2023-10-19,BNO,32.509998321533203
2023-10-19,OIH,330.27655029296875
2023-10-19,USO,81.680000305175781
2023-10-19,XES,91.054946899414062
2023-10-19,XLE,41.754138946533203
2023-10-19,XOP,142.41120910644531
2023-10-20,BNO,32.169998168945312
2023-10-20,OIH,323.3916015625
2023-10-20,USO,80.699996948242188
2023-10-20,XES,89.156387329101562
2023-10-20,XLE,41.053691864013672
2023-10-20,XOP,140.01408386230469
2023-10-23,BNO,31.540000915527344
2023-10-23,OIH,321.47329711914062
2023-10-23,USO,78.889999389648438
2023-10-23,XES,88.23583984375
2023-10-23,XLE,40.389625549316406
2023-10-23,XOP,137.97135925292969
2023-10-24,BNO,30.819999694824219
2023-10-24,OIH,317.71273803710938
2023-10-24,USO,76.930000305175781
2023-10-24,XES,87.881065368652344
2023-10-24,XLE,39.821083068847656
2023-10-24,XOP,136.88006591796875
2023-10-25,BNO,31.459999084472656
2023-10-25,OIH,313.28738403320312
2023-10-25,USO,78.459999084472656
2023-10-25,XES,86.471519470214844
2023-10-25,XLE,39.748306274414062
2023-10-25,XOP,136.66554260253906
2023-10-26,BNO,30.899999618530273
2023-10-26,OIH,309.37484741210938
2023-10-26,USO,76.889999389648438
2023-10-26,XES,84.592132568359375
2023-10-26,XLE,39.439018249511719
2023-10-26,XOP,136.03129577636719
2023-10-27,BNO,31.440000534057617
2023-10-27,OIH,309.4603271484375
2023-10-27,USO,78.360000610351562
2023-10-27,XES,84.65924072265625
2023-10-27,XLE,38.492950439453125
2023-10-27,XOP,134.22175598144531
2023-10-30,BNO,30.680000305175781
2023-10-30,OIH,309.31787109375
2023-10-30,USO,76.050003051757812
2023-10-30,XES,84.179794311523438
2023-10-30,XLE,38.620307922363281
2023-10-30,XOP,133.75538635253906
2023-10-31,BNO,30.200000762939453
2023-10-31,OIH,308.0643310546875
2023-10-31,USO,75.019996643066406
2023-10-31,XES,83.863372802734375
2023-10-31,XLE,38.747669219970703
2023-10-31,XOP,135.45298767089844
2023-11-01,BNO,30.079999923706055
2023-11-01,OIH,310.22006225585938
2023-11-01,USO,74.75
2023-11-01,XES,84.266105651855469
2023-11-01,XLE,38.656696319580078
2023-11-01,XOP,135.20112609863281
2023-11-02,BNO,30.700000762939453
2023-11-02,OIH,319.7354736328125
2023-11-02,USO,76.180000305175781
2023-11-02,XES,86.759170532226562
2023-11-02,XLE,39.82562255859375
2023-11-02,XOP,138.708251953125
2023-11-03,BNO,30.190000534057617
2023-11-03,OIH,318.46295166015625
2023-11-03,USO,74.849998474121094
2023-11-03,XES,86.423583984375
2023-11-03,XLE,39.425373077392578
2023-11-03,XOP,137.69157409667969
2023-11-06,BNO,30.190000534057617
2023-11-06,OIH,313.43936157226562
2023-11-06,USO,74.910003662109375
2023-11-06,XES,84.544181823730469
2023-11-06,XLE,38.979629516601562
2023-11-06,XOP,134.02584838867188
2023-11-07,BNO,28.959999084472656
2023-11-07,OIH,299.70751953125
2023-11-07,USO,71.800003051757812
2023-11-07,XES,80.296356201171875
2023-11-07,XLE,38.115444183349609
2023-11-07,XOP,130.22959899902344
2023-11-08,BNO,28.270000457763672
2023-11-08,OIH,298.3115234375
2023-11-08,USO,70.19000244140625
2023-11-08,XES,80.114158630371094
2023-11-08,XLE,37.637851715087891
2023-11-08,XOP,127.43137359619141
2023-11-09,BNO,28.299999237060547
2023-11-09,OIH,298.6439208984375
2023-11-09,USO,70.25
2023-11-09,XES,80.114158630371094
2023-11-09,XLE,37.524147033691406
2023-11-09,XOP,126.53595733642578
2023-11-10,BNO,28.899999618530273
2023-11-10,OIH,302.83181762695312
2023-11-10,USO,71.790000915527344
2023-11-10,XES,81.159332275390625
2023-11-10,XLE,37.93804931640625
2023-11-10,XOP,127.94437408447266
2023-11-13,BNO,29.350000381469727
2023-11-13,OIH,305.00650024414062
2023-11-13,USO,72.919998168945312
2023-11-13,XES,81.811386108398438
2023-11-13,XLE,38.210952758789062
2023-11-13,XOP,128.96109008789062
2023-11-14,BNO,29.25
2023-11-14,OIH,309.89715576171875
2023-11-14,USO,72.69000244140625
2023-11-14,XES,83.661994934082031
2023-11-14,XLE,38.552082061767578
2023-11-14,XOP,131.09703063964844
2023-11-15,BNO,28.719999313354492
2023-11-15,OIH,305.00650024414062
2023-11-15,USO,71.339996337890625
2023-11-15,XES,82.1278076171875
2023-11-15,XLE,38.479305267333984
2023-11-15,XOP,131.24629211425781
2023-11-16,BNO,27.469999313354492
2023-11-16,OIH,293.65829467773438
2023-11-16,USO,68.050003051757812
2023-11-16,XES,78.877212524414062
2023-11-16,XLE,37.72882080078125
2023-11-16,XOP,127.45933532714844
2023-11-17,BNO,28.530000686645508
2023-11-17,OIH,300.14431762695312
2023-11-17,USO,70.75
2023-11-17,XES,81.005928039550781
2023-11-17,XLE,38.520244598388672
2023-11-17,XOP,130.26689147949219
2023-11-20,BNO,29.139999389648438
2023-11-20,OIH,300.89456176757812
2023-11-20,USO,72.300003051757812
2023-11-20,XES,81.025100708007812
2023-11-20,XLE,38.574825286865234
2023-11-20,XOP,130.47210693359375
2023-11-21,BNO,29.290000915527344
2023-11-21,OIH,299.01425170898438
2023-11-21,USO,72.529998779296875
2023-11-21,XES,80.315528869628906
2023-11-21,XLE,38.4884033203125
2023-11-21,XOP,129.30619812011719
2023-11-22,BNO,28.940000534057617
2023-11-22,OIH,297.29541015625
2023-11-22,USO,71.610000610351562
2023-11-22,XES,80.104576110839844
2023-11-22,XLE,38.470207214355469
2023-11-22,XOP,129.37147521972656
2023-11-24,BNO,28.700000762939453
2023-11-24,OIH,299.87841796875
2023-11-24,USO,70.819999694824219
2023-11-24,XES,81.005928039550781
2023-11-24,XLE,38.629398345947266
2023-11-24,XOP,129.95913696289062
2023-11-27,BNO,28.389999389648438
2023-11-27,OIH,297.87469482421875
2023-11-27,USO,69.959999084472656
2023-11-27,XES,80.200469970703125
2023-11-27,XLE,38.492950439453125
2023-11-27,XOP,128.83981323242188
2023-11-28,BNO,28.889999389648438
2023-11-28,OIH,296.5546875
2023-11-28,USO,71.260002136230469
2023-11-28,XES,79.855270385742188
2023-11-28,XLE,38.502052307128906
2023-11-28,XOP,128.48536682128906
2023-11-29,BNO,29.360000610351562
2023-11-29,OIH,294.99725341796875
2023-11-29,USO,72.519996643066406
2023-11-29,XES,79.721023559570312
2023-11-29,XLE,38.215499877929688
2023-11-29,XOP,128.00035095214844
2023-11-30,BNO,28.430000305175781
2023-11-30,OIH,296.57363891601562
2023-11-30,USO,70.139999389648438
2023-11-30,XES,80.094993591308594
2023-11-30,XLE,38.470207214355469
2023-11-30,XOP,128.71855163574219
2023-12-01,BNO,28.049999237060547
2023-12-01,OIH,299.2421875
2023-12-01,USO,69.239997863769531
2023-12-01,XES,80.90045166015625
2023-12-01,XLE,38.670337677001953
2023-12-01,XOP,129.74456787109375
2023-12-04,BNO,27.799999237060547
2023-12-04,OIH,296.8680419921875
2023-12-04,USO,68.470001220703125
2023-12-04,XES,80.44976806640625
2023-12-04,XLE,38.492950439453125
2023-12-04,XOP,128.18690490722656
2023-12-05,BNO,27.450000762939453
2023-12-05,OIH,290.04959106445312
2023-12-05,USO,67.580001831054688
2023-12-05,XES,78.589569091796875
2023-12-05,XLE,37.819786071777344
2023-12-05,XOP,125.37002563476562
2023-12-06,BNO,26.409999847412109
2023-12-06,OIH,279.77447509765625
2023-12-06,USO,64.760002136230469
2023-12-06,XES,75.511543273925781
2023-12-06,XLE,37.25579833984375
2023-12-06,XOP,121.99347686767578
2023-12-07,BNO,26.469999313354492
2023-12-07,OIH,278.3594970703125
2023-12-07,USO,65.110000610351562
2023-12-07,XES,75.406074523925781
2023-12-07,XLE,37.001083374023438
2023-12-07,XOP,121.92817687988281
2023-12-08,BNO,26.950000762939453
2023-12-08,OIH,282.12008666992188
2023-12-08,USO,66.529998779296875
2023-12-08,XES,76.633438110351562
2023-12-08,XLE,37.401340484619141
2023-12-08,XOP,123.43922424316406
2023-12-11,BNO,27.069999694824219
2023-12-11,OIH,282.196044921875
2023-12-11,USO,66.800003051757812
2023-12-11,XES,76.374542236328125
2023-12-11,XLE,37.446830749511719
2023-12-11,XOP,123.37394714355469
2023-12-12,BNO,26.090000152587891
2023-12-12,OIH,278.6444091796875
2023-12-12,USO,64.25
2023-12-12,XES,75.195121765136719
2023-12-12,XLE,36.932849884033203
2023-12-12,XOP,120.73427581787109
2023-12-13,BNO,26.540000915527344
2023-12-13,OIH,284.61764526367188
2023-12-13,USO,65.330001831054688
2023-12-13,XES,77.295059204101562
2023-12-13,XLE,37.446830749511719
2023-12-13,XOP,123.73771667480469
2023-12-14,BNO,27.299999237060547
2023-12-14,OIH,295.98486328125
2023-12-14,USO,67.160003662109375
2023-12-14,XES,80.488128662109375
2023-12-14,XLE,38.547531127929688
2023-12-14,XOP,128.06564331054688
2023-12-15,BNO,27.309999465942383
2023-12-15,OIH,294.57940673828125
2023-12-15,USO,67.150001525878906
2023-12-15,XES,79.768974304199219
2023-12-15,XLE,38.342857360839844
2023-12-15,XOP,127.49665069580078
2023-12-18,BNO,27.790000915527344
2023-12-18,OIH,296.45101928710938
2023-12-18,USO,68.089996337890625
2023-12-18,XES,80.521514892578125
2023-12-18,XLE,38.656036376953125
2023-12-18,XOP,129.10948181152344
2023-12-19,BNO,28.299999237060547
2023-12-19,OIH,301.40921020507812
2023-12-19,USO,69.360000610351562
2023-12-19,XES,82.270721435546875
2023-12-19,XLE,39.119834899902344
2023-12-19,XOP,130.69784545898438
2023-12-20,BNO,28.090000152587891
2023-12-20,OIH,298.60760498046875
2023-12-20,USO,68.790000915527344
2023-12-20,XES,81.203903198242188
2023-12-20,XLE,38.757061004638672
2023-12-20,XOP,128.75234985351562
2023-12-21,BNO,28.129999160766602
2023-12-21,OIH,300.37905883789062
2023-12-21,USO,69.029998779296875
2023-12-21,XES,82.011245727539062
2023-12-21,XLE,38.908596038818359
2023-12-21,XOP,130.2373046875
2023-12-22,BNO,28.010000228881836
2023-12-22,OIH,300.74490356445312
2023-12-22,USO,68.69000244140625
2023-12-22,XES,81.924728393554688
2023-12-22,XLE,39.023399353027344
2023-12-22,XOP,130.5380859375
2023-12-26,BNO,28.610000610351562
2023-12-26,OIH,307.54193115234375
2023-12-26,USO,70.209999084472656
2023-12-26,XES,84.173721313476562
2023-12-26,XLE,39.358627319335938
2023-12-26,XOP,132.58697509765625
2023-12-27,BNO,28.190000534057617
2023-12-27,OIH,304.46112060546875
2023-12-27,USO,68.919998168945312
2023-12-27,XES,83.500946044921875
2023-12-27,XLE,39.184123992919922
2023-12-27,XOP,132.03250122070312
2023-12-28,BNO,27.479999542236328
2023-12-28,OIH,300.19610595703125
2023-12-28,USO,67.180000305175781
2023-12-28,XES,81.982398986816406
2023-12-28,XLE,38.587154388427734
2023-12-28,XOP,129.81439208984375
2023-12-29,BNO,27.309999465942383
2023-12-29,OIH,297.99142456054688
2023-12-29,USO,66.650001525878906
2023-12-29,XES,81.223121643066406
2023-12-29,XLE,38.499900817871094
2023-12-29,XOP,128.67713928222656
2024-01-02,BNO,27
2024-01-02,OIH,296.13333129882812
2024-01-02,USO,65.769996643066406
2024-01-02,XES,80.204353332519531
2024-01-02,XLE,38.913188934326172
2024-01-02,XOP,129.65458679199219
2024-01-03,BNO,27.920000076293945
2024-01-03,OIH,297.35598754882812
2024-01-03,USO,68.19000244140625
2024-01-03,XES,80.338905334472656
2024-01-03,XLE,39.546894073486328
2024-01-03,XOP,130.83883666992188
2024-01-04,BNO,27.610000610351562
2024-01-04,OIH,290.68411254882812
2024-01-04,USO,67.569999694824219
2024-01-04,XES,78.3974609375
2024-01-04,XLE,38.853496551513672
2024-01-04,XOP,127.89704132080078
2024-01-05,BNO,28.049999237060547
2024-01-05,OIH,293.91897583007812
2024-01-05,USO,69.029998779296875
2024-01-05,XES,79.925636291503906
2024-01-05,XLE,38.885635375976562
2024-01-05,XOP,128.38578796386719
2024-01-08,BNO,27.190000534057617
2024-01-08,OIH,286.77536010742188
2024-01-08,USO,66.400001525878906
2024-01-08,XES,78.013015747070312
2024-01-08,XLE,38.43560791015625
2024-01-08,XOP,127.38010406494141
2024-01-09,BNO,27.569999694824219
2024-01-09,OIH,279.4102783203125
2024-01-09,USO,67.389999389648438
2024-01-09,XES,76.07159423828125
2024-01-09,XLE,37.820278167724609
2024-01-09,XOP,125.81993103027344
2024-01-10,BNO,27.299999237060547
2024-01-10,OIH,275.78070068359375
2024-01-10,USO,66.55999755859375
2024-01-10,XES,74.889427185058594
2024-01-10,XLE,37.448322296142578
2024-01-10,XOP,124.165771484375
2024-01-11,BNO,27.700000762939453
2024-01-11,OIH,277.03228759765625
2024-01-11,USO,67.650001525878906
2024-01-11,XES,75.177772521972656
2024-01-11,XLE,37.544754028320312
2024-01-11,XOP,124.07178497314453
2024-01-12,BNO,27.899999618530273
2024-01-12,OIH,280.96029663085938
2024-01-12,USO,68.019996643066406
2024-01-12,XES,76.225364685058594
2024-01-12,XLE,37.967220306396484
2024-01-12,XOP,125.70716094970703
2024-01-16,BNO,27.700000762939453
2024-01-16,OIH,273.5374755859375
2024-01-16,USO,67.25
2024-01-16,XES,74.562667846679688
2024-01-16,XLE,37.062583923339844
2024-01-16,XOP,121.84432220458984
2024-01-17,BNO,27.799999237060547
2024-01-17,OIH,272.17999267578125
2024-01-17,USO,67.94000244140625
2024-01-17,XES,74.399269104003906
2024-01-17,XLE,36.754917144775391
2024-01-17,XOP,120.45330810546875
2024-01-18,BNO,28.129999160766602
2024-01-18,OIH,275.64590454101562
2024-01-18,USO,69.05999755859375
2024-01-18,XES,75.571807861328125
2024-01-18,XLE,36.695217132568359
2024-01-18,XOP,120.46269226074219
2024-01-19,BNO,28.079999923706055
2024-01-19,OIH,277.49441528320312
2024-01-19,USO,68.819999694824219
2024-01-19,XES,75.792877197265625
2024-01-19,XLE,36.814613342285156
2024-01-19,XOP,120.72586822509766
2024-01-22,BNO,28.459999084472656
2024-01-22,OIH,281.84603881835938
2024-01-22,USO,69.69000244140625
2024-01-22,XES,77.167251586914062
2024-01-22,XLE,36.952377319335938
2024-01-22,XOP,121.28038787841797
2024-01-23,BNO,28.409999847412109
2024-01-23,OIH,283.31906127929688
2024-01-23,USO,69.660003662109375
2024-01-23,XES,77.542083740234375
2024-01-23,XLE,37.030441284179688
2024-01-23,XOP,121.44956970214844
2024-01-24,BNO,28.670000076293945
2024-01-24,OIH,289.26889038085938
2024-01-24,USO,70.540000915527344
2024-01-24,XES,79.4835205078125
2024-01-24,XLE,37.558528900146484
2024-01-24,XOP,123.01913452148438
2024-01-25,BNO,29.340000152587891
2024-01-25,OIH,292.87918090820312
2024-01-25,USO,72.230003356933594
2024-01-25,XES,80.569572448730469
2024-01-25,XLE,38.403465270996094
2024-01-25,XOP,125.17143249511719
2024-01-26,BNO,29.799999237060547
2024-01-26,OIH,295.05502319335938
2024-01-26,USO,73.099998474121094
2024-01-26,XES,81.203903198242188
2024-01-26,XLE,38.688179016113281
2024-01-26,XOP,126.00792694091797
2024-01-29,BNO,29.409999847412109
2024-01-29,OIH,295.21871948242188
2024-01-29,USO,72.050003051757812
2024-01-29,XES,81.521072387695312
2024-01-29,XLE,38.633075714111328
2024-01-29,XOP,126.11128997802734
2024-01-30,BNO,29.579999923706055
2024-01-30,OIH,288.16171264648438
2024-01-30,USO,72.80999755859375
2024-01-30,XES,80.588798522949219
2024-01-30,XLE,39.032588958740234
2024-01-30,XOP,128.35760498046875
2024-01-31,BNO,28.850000381469727
2024-01-31,OIH,281.62460327148438
2024-01-31,USO,70.919998168945312
2024-01-31,XES,78.416694641113281
2024-01-31,XLE,38.302444458007812
2024-01-31,XOP,125.02105712890625
2024-02-01,BNO,28.239999771118164
2024-02-01,OIH,280.77740478515625
2024-02-01,USO,69.069999694824219
2024-02-01,XES,78.041862487792969
2024-02-01,XLE,38.297855377197266
2024-02-01,XOP,124.24097442626953
2024-02-02,BNO,27.690000534057617
2024-02-02,OIH,274.99124145507812
2024-02-02,USO,67.510002136230469
2024-02-02,XES,75.562202453613281
2024-02-02,XLE,38.352951049804688
2024-02-02,XOP,122.87816619873047
2024-02-05,BNO,28.010000228881836
2024-02-05,OIH,272.02593994140625
2024-02-05,USO,68.180000305175781
2024-02-05,XES,74.620315551757812
2024-02-05,XLE,38.256519317626953
2024-02-05,XOP,122.14506530761719
2024-02-06,BNO,28.25
2024-02-06,OIH,276.65679931640625
2024-02-06,USO,68.80999755859375
2024-02-06,XES,76.302261352539062
2024-02-06,XLE,38.380504608154297
2024-02-06,XOP,123.07553100585938
2024-02-07,BNO,28.5
2024-02-07,OIH,276.28134155273438
2024-02-07,USO,69.419998168945312
2024-02-07,XES,76.07159423828125
2024-02-07,XLE,38.458572387695312
2024-02-07,XOP,124.26917266845703
2024-02-08,BNO,29.360000610351562
2024-02-08,OIH,279.71835327148438
2024-02-08,USO,71.519996643066406
2024-02-08,XES,77.426750183105469
2024-02-08,XLE,38.853496551513672
2024-02-08,XOP,125.791748046875
2024-02-09,BNO,29.409999847412109
2024-02-09,OIH,277.16708374023438
2024-02-09,USO,71.669998168945312
2024-02-09,XES,77.051925659179688
2024-02-09,XLE,38.256519317626953
2024-02-09,XOP,124.86127471923828
2024-02-12,BNO,29.489999771118164
2024-02-12,OIH,281.12396240234375
2024-02-12,USO,72.110000610351562
2024-02-12,XES,78.166816711425781
2024-02-12,XLE,38.678989410400391
2024-02-12,XOP,126.90079498291016
2024-02-13,BNO,29.690000534057617
2024-02-13,OIH,276.34872436523438
2024-02-13,USO,72.650001525878906
2024-02-13,XES,76.609817504882812
2024-02-13,XLE,38.288658142089844
2024-02-13,XOP,124.92707061767578
2024-02-14,BNO,29.299999237060547
2024-02-14,OIH,277.47512817382812
2024-02-14,USO,71.550003051757812
2024-02-14,XES,76.821258544921875
2024-02-14,XLE,38.251937866210938
2024-02-14,XOP,125.20903015136719
2024-02-15,BNO,29.780000686645508
2024-02-15,OIH,286.20730590820312
2024-02-15,USO,72.839996337890625
2024-02-15,XES,79.906402587890625
2024-02-15,XLE,39.317298889160156
2024-02-15,XOP,129.65458679199219
2024-02-16,BNO,29.930000305175781
2024-02-16,OIH,286.18807983398438
2024-02-16,USO,73.410003662109375
2024-02-16,XES,79.935234069824219
2024-02-16,XLE,39.294322967529297
2024-02-16,XOP,129.79557800292969
2024-02-20,BNO,29.629999160766602
2024-02-20,OIH,283.52120971679688
2024-02-20,USO,72.419998168945312
2024-02-20,XES,79.1951904296875
2024-02-20,XLE,38.936161041259766
2024-02-20,XOP,127.82186126708984
2024-02-21,BNO,29.840000152587891
2024-02-21,OIH,287.38186645507812
2024-02-21,USO,73.199996948242188
2024-02-21,XES,80.137069702148438
2024-02-21,XLE,39.666282653808594
2024-02-21,XOP,131.50611877441406
2024-02-22,BNO,29.969999313354492
2024-02-22,OIH,291.10772705078125
2024-02-22,USO,73.599998474121094
2024-02-22,XES,81.127006530761719
2024-02-22,XLE,39.73516845703125
2024-02-22,XOP,131.05499267578125
2024-02-23,BNO,29.360000610351562
2024-02-23,OIH,289.49032592773438
2024-02-23,USO,71.919998168945312
2024-02-23,XES,80.262016296386719
2024-02-23,XLE,39.473419189453125
2024-02-23,XOP,130.444091796875
2024-02-26,BNO,29.670000076293945
2024-02-26,OIH,288.7874755859375
2024-02-26,USO,72.790000915527344
2024-02-26,XES,80.031349182128906
2024-02-26,XLE,39.611179351806641
2024-02-26,XOP,131.04560852050781
2024-02-27,BNO,29.930000305175781
2024-02-27,OIH,289.33624267578125
2024-02-27,USO,73.849998474121094
2024-02-27,XES,80.165908813476562
2024-02-27,XLE,39.441276550292969
2024-02-27,XOP,131.53433227539062
2024-02-28,BNO,29.809999465942383
2024-02-28,OIH,286.91976928710938
2024-02-28,USO,73.620002746582031
2024-02-28,XES,79.13751220703125
2024-02-28,XLE,39.363212585449219
2024-02-28,XOP,130.63206481933594
2024-02-29,BNO,29.729999542236328
2024-02-29,OIH,286.01473999023438
2024-02-29,USO,73.360000610351562
2024-02-29,XES,78.743461608886719
2024-02-29,XLE,39.556068420410156
2024-02-29,XOP,131.94786071777344
2024-03-01,BNO,30.290000915527344
2024-03-01,OIH,293.6494140625
2024-03-01,USO,74.959999084472656
2024-03-01,XES,81.722892761230469
2024-03-01,XLE,40.015289306640625
2024-03-01,XOP,133.72422790527344
2024-03-04,BNO,30.100000381469727
2024-03-04,OIH,290.09686279296875
2024-03-04,USO,74.010002136230469
2024-03-04,XES,80.665672302246094
2024-03-04,XLE,39.588222503662109
2024-03-04,XOP,132.36140441894531
2024-03-05,BNO,29.829999923706055
2024-03-05,OIH,291.61801147460938
2024-03-05,USO,73.449996948242188
2024-03-05,XES,80.665672302246094
2024-03-05,XLE,39.882114410400391
2024-03-05,XOP,132.91592407226562
2024-03-06,BNO,30.120000839233398
2024-03-06,OIH,292.60000610351562
2024-03-06,USO,74.339996337890625
2024-03-06,XES,80.684906005859375
2024-03-06,XLE,40.006103515625
2024-03-06,XOP,132.93470764160156
2024-03-07,BNO,30.120000839233398
2024-03-07,OIH,299.32968139648438
2024-03-07,USO,74.230003356933594
2024-03-07,XES,82.511009216308594
2024-03-07,XLE,40.345916748046875
2024-03-07,XOP,133.79002380371094
2024-03-08,BNO,29.799999237060547
2024-03-08,OIH,297.86627197265625
2024-03-08,USO,73.360000610351562
2024-03-08,XES,82.251510620117188
2024-03-08,XLE,40.488262176513672
2024-03-08,XOP,134.49493408203125
2024-03-11,BNO,29.969999313354492
2024-03-11,OIH,302.44894409179688
2024-03-11,USO,73.620002746582031
2024-03-11,XES,83.308723449707031
2024-03-11,XLE,40.906147003173828
2024-03-11,XOP,135.24681091308594
2024-03-12,BNO,29.870000839233398
2024-03-12,OIH,302.32379150390625
2024-03-12,USO,73.349998474121094
2024-03-12,XES,83.299110412597656
2024-03-12,XLE,40.84185791015625
2024-03-12,XOP,135.20921325683594
2024-03-13,BNO,30.579999923706055
2024-03-13,OIH,306.57919311523438
2024-03-13,USO,75.089996337890625
2024-03-13,XES,84.596595764160156
2024-03-13,XLE,41.493938446044922
2024-03-13,XOP,138.06636047363281
2024-03-14,BNO,31
2024-03-14,OIH,310.29541015625
2024-03-14,USO,76.300003051757812
2024-03-14,XES,85.35589599609375
2024-03-14,XLE,41.920993804931641
2024-03-14,XOP,138.66790771484375
2024-03-15,BNO,31.030000686645508
2024-03-15,OIH,311.2388916015625
2024-03-15,USO,76.330001831054688
2024-03-15,XES,86.047874450683594
2024-03-15,XLE,42.044975280761719
2024-03-15,XOP,139.55140686035156
2024-03-18,BNO,31.649999618530273
2024-03-18,OIH,312.047607421875
2024-03-18,USO,77.980003356933594
2024-03-18,XES,86.067146301269531
2024-03-18,XLE,42.190334320068359
2024-03-18,XOP,139.58918762207031
2024-03-19,BNO,31.799999237060547
2024-03-19,OIH,318.94094848632812
2024-03-19,USO,78.430000305175781
2024-03-19,XES,88.060859680175781
2024-03-19,XLE,42.671772003173828
2024-03-19,XOP,141.39356994628906
2024-03-20,BNO,31.399999618530273
2024-03-20,OIH,319.37417602539062
2024-03-20,USO,77.25
2024-03-20,XES,88.099388122558594
2024-03-20,XLE,42.611587524414062
2024-03-20,XOP,142.49887084960938
2024-03-21,BNO,31.270000457763672
2024-03-21,OIH,321.3670654296875
2024-03-21,USO,76.819999694824219
2024-03-21,XES,88.927711486816406
2024-03-21,XLE,42.866199493408203
2024-03-21,XOP,143.21685791015625
2024-03-22,BNO,31.190000534057617
2024-03-22,OIH,319.35488891601562
2024-03-22,USO,76.680000305175781
2024-03-22,XES,88.224586486816406
2024-03-22,XLE,42.773609161376953
2024-03-22,XOP,142.30046081542969
2024-03-25,BNO,31.600000381469727
2024-03-25,OIH,321.86770629882812
2024-03-25,USO,77.760002136230469
2024-03-25,XES,89.139595031738281
2024-03-25,XLE,43.171714782714844
2024-03-25,XOP,143.86866760253906
2024-03-26,BNO,31.370000839233398
2024-03-26,OIH,318.32476806640625
2024-03-26,USO,77.290000915527344
2024-03-26,XES,88.0126953125
2024-03-26,XLE,42.838417053222656
2024-03-26,XOP,142.06431579589844
2024-03-27,BNO,31.469999313354492
2024-03-27,OIH,322.78231811523438
2024-03-27,USO,77.510002136230469
2024-03-27,XES,89.33221435546875
2024-03-27,XLE,43.236526489257812
2024-03-27,XOP,144.26547241210938
2024-03-28,BNO,31.909999847412109
2024-03-28,OIH,323.80282592773438
2024-03-28,USO,78.730003356933594
2024-03-28,XES,89.659690856933594
2024-03-28,XLE,43.704078674316406
2024-03-28,XOP,146.36270141601562
2024-04-01,BNO,32.189998626708984
2024-04-01,OIH,325.42990112304688
2024-04-01,USO,79.669998168945312
2024-04-01,XES,90.006423950195312
2024-04-01,XLE,44.028121948242188
2024-04-01,XOP,147.37353515625
2024-04-02,BNO,32.689998626708984
2024-04-02,OIH,330.0992431640625
2024-04-02,USO,80.790000915527344
2024-04-02,XES,92.009773254394531
2024-04-02,XLE,44.643795013427734
2024-04-02,XOP,148.4410400390625
2024-04-03,BNO,32.849998474121094
2024-04-03,OIH,335.914306640625
2024-04-03,USO,81.25
2024-04-03,XES,93.8782958984375
2024-04-03,XLE,44.949325561523438
2024-04-03,XOP,150.30210876464844
2024-04-04,BNO,33.360000610351562
2024-04-04,OIH,331.81292724609375
2024-04-04,USO,82.269996643066406
2024-04-04,XES,92.780303955078125
2024-04-04,XLE,44.921546936035156
2024-04-04,XOP,150.33988952636719
2024-04-05,BNO,33.430000305175781
2024-04-05,OIH,336.337890625
2024-04-05,USO,82.400001525878906
2024-04-05,XES,94.147972106933594
2024-04-05,XLE,45.402984619140625
2024-04-05,XOP,151.709716796875
2024-04-08,BNO,33.279998779296875
2024-04-08,OIH,332.99716186523438
2024-04-08,USO,82.199996948242188
2024-04-08,XES,93.15594482421875
2024-04-08,XLE,45.115974426269531
2024-04-08,XOP,150.86891174316406
2024-04-09,BNO,32.909999847412109
2024-04-09,OIH,331.60113525390625
2024-04-09,USO,81.150001525878906
2024-04-09,XES,92.645462036132812
2024-04-09,XLE,45.129856109619141
2024-04-09,XOP,151.02949523925781
2024-04-10,BNO,33.310001373291016
2024-04-10,OIH,332.92010498046875
2024-04-10,USO,82.089996337890625
2024-04-10,XES,93.261878967285156
2024-04-10,XLE,45.268745422363281
2024-04-10,XOP,151.53965759277344
2024-04-11,BNO,33.169998168945312
2024-04-11,OIH,329.5889892578125
2024-04-11,USO,81.550003051757812
2024-04-11,XES,92.298713684082031
2024-04-11,XLE,45.236339569091797
2024-04-11,XOP,151.02949523925781
2024-04-12,BNO,33.220001220703125
2024-04-12,OIH,321.72329711914062
2024-04-12,USO,81.529998779296875
2024-04-12,XES,90.439834594726562
2024-04-12,XLE,44.500301361083984
2024-04-12,XOP,149.24406433105469
2024-04-15,BNO,33.229999542236328
2024-04-15,OIH,317.22723388671875
2024-04-15,USO,81.650001525878906
2024-04-15,XES,88.725433349609375
2024-04-15,XLE,44.083671569824219
2024-04-15,XOP,146.85394287109375
2024-04-16,BNO,33.110000610351562
2024-04-16,OIH,313.17404174804688
2024-04-16,USO,81.330001831054688
2024-04-16,XES,87.405921936035156
2024-04-16,XLE,43.699443817138672
2024-04-16,XOP,145.61637878417969
2024-04-17,BNO,32.159999847412109
2024-04-17,OIH,309.37118530273438
2024-04-17,USO,78.910003662109375
2024-04-17,XES,86.192352294921875
2024-04-17,XLE,43.574466705322266
2024-04-17,XOP,144.50163269042969
2024-04-18,BNO,32.040000915527344
2024-04-18,OIH,309.2652587890625
2024-04-18,USO,78.779998779296875
2024-04-18,XES,86.250137329101562
2024-04-18,XLE,43.440208435058594
2024-04-18,XOP,143.24519348144531
2024-04-19,BNO,32.069999694824219
2024-04-19,OIH,311.79730224609375
2024-04-19,USO,78.849998474121094
2024-04-19,XES,87.194023132324219
2024-04-19,XLE,43.963310241699219
2024-04-19,XOP,144.75668334960938
2024-04-22,BNO,32
2024-04-22,OIH,310.49761962890625
2024-04-22,USO,78.779998779296875
2024-04-22,XES,87.251815795898438
2024-04-22,XLE,44.250320434570312
2024-04-22,XOP,145.86201477050781
2024-04-23,BNO,32.430000305175781
2024-04-23,OIH,314.7144775390625
2024-04-23,USO,79.980003356933594
2024-04-23,XES,89.004745483398438
2024-04-23,XLE,44.49566650390625
2024-04-23,XOP,146.88226318359375
2024-04-24,BNO,32.360000610351562
2024-04-24,OIH,312.97186279296875
2024-04-24,USO,79.639999389648438
2024-04-24,XES,88.311279296875
2024-04-24,XLE,44.528079986572266
2024-04-24,XOP,147.57192993164062
2024-04-25,BNO,32.680000305175781
2024-04-25,OIH,314.01162719726562
2024-04-25,USO,80.44000244140625
2024-04-25,XES,88.494277954101562
2024-04-25,XLE,44.73175048828125
2024-04-25,XOP,148.18597412109375
2024-04-26,BNO,32.729999542236328
2024-04-26,OIH,313.8094482421875
2024-04-26,USO,80.389999389648438
2024-04-26,XES,89.245536804199219
2024-04-26,XLE,44.319759368896484
2024-04-26,XOP,148.33712768554688
2024-04-29,BNO,32.430000305175781
2024-04-29,OIH,314.61819458007812
2024-04-29,USO,79.5
2024-04-29,XES,89.351478576660156
2024-04-29,XLE,44.620658874511719
2024-04-29,XOP,149.27236938476562
2024-04-30,BNO,31.969999313354492
2024-04-30,OIH,301.33218383789062
2024-04-30,USO,78.379997253417969
2024-04-30,XES,85.258087158203125
2024-04-30,XLE,43.292076110839844
2024-04-30,XOP,143.05624389648438
2024-05-01,BNO,31.020000457763672
2024-05-01,OIH,296.9420166015625
2024-05-01,USO,75.930000305175781
2024-05-01,XES,84.121574401855469
2024-05-01,XLE,42.602325439453125
2024-05-01,XOP,139.88206481933594
2024-05-02,BNO,31.100000381469727
2024-05-02,OIH,300.24423217773438
2024-05-02,USO,75.930000305175781
2024-05-02,XES,85.315895080566406
2024-05-02,XLE,42.847679138183594
2024-05-02,XOP,140.81732177734375
2024-05-03,BNO,30.829999923706055
2024-05-03,OIH,302.959228515625
2024-05-03,USO,75.129997253417969
2024-05-03,XES,86.933982849121094
2024-05-03,XLE,42.852302551269531
2024-05-03,XOP,141.92262268066406
2024-05-06,BNO,31.020000457763672
2024-05-06,OIH,307.34939575195312
2024-05-06,USO,75.660003662109375
2024-05-06,XES,88.137908935546875
2024-05-06,XLE,43.19024658203125
2024-05-06,XOP,143.68922424316406
2024-05-07,BNO,30.940000534057617
2024-05-07,OIH,308.013671875
2024-05-07,USO,75.5
2024-05-07,XES,88.552078247070312
2024-05-07,XLE,43.148582458496094
2024-05-07,XOP,143.94427490234375
2024-05-08,BNO,31.149999618530273
2024-05-08,OIH,307.07980346679688
2024-05-08,USO,76.110000610351562
2024-05-08,XES,88.600227355957031
2024-05-08,XLE,43.097652435302734
2024-05-08,XOP,143.2073974609375
2024-05-09,BNO,31.319999694824219
2024-05-09,OIH,312.59640502929688
2024-05-09,USO,76.519996643066406
2024-05-09,XES,89.996803283691406
2024-05-09,XLE,43.676300048828125
2024-05-09,XOP,144.60557556152344
2024-05-10,BNO,30.829999923706055
2024-05-10,OIH,308.88015747070312
2024-05-10,USO,75.300003051757812
2024-05-10,XES,88.706184387207031
2024-05-10,XLE,43.435581207275391
2024-05-10,XOP,142.34773254394531
2024-05-13,BNO,31.079999923706055
2024-05-13,OIH,310.57461547851562
2024-05-13,USO,76.129997253417969
2024-05-13,XES,89.024017333984375
2024-05-13,XLE,43.319854736328125
2024-05-13,XOP,141.677001953125
2024-05-14,BNO,30.690000534057617
2024-05-14,OIH,313.29922485351562
2024-05-14,USO,75.209999084472656
2024-05-14,XES,90.353164672851562
2024-05-14,XLE,43.375411987304688
2024-05-14,XOP,142.88618469238281
2024-05-15,BNO,30.879999160766602
2024-05-15,OIH,312.84671020507812
2024-05-15,USO,75.879997253417969
2024-05-15,XES,90.439834594726562
2024-05-15,XLE,43.472621917724609
2024-05-15,XOP,142.94288635253906
2024-05-16,BNO,31.020000457763672
2024-05-16,OIH,313.36660766601562
2024-05-16,USO,76.25
2024-05-16,XES,90.382057189941406
2024-05-16,XLE,43.352256774902344
2024-05-16,XOP,142.139892578125
2024-05-17,BNO,31.25
2024-05-17,OIH,315.46542358398438
2024-05-17,USO,76.970001220703125
2024-05-17,XES,91.104408264160156
2024-05-17,XLE,43.95867919921875
2024-05-17,XOP,144.01040649414062
2024-05-20,BNO,31.200000762939453
2024-05-20,OIH,317.3427734375
2024-05-20,USO,76.730003356933594
2024-05-20,XES,92.279464721679688
2024-05-20,XLE,43.671676635742188
2024-05-20,XOP,144.66224670410156
2024-05-21,BNO,30.889999389648438
2024-05-21,OIH,316.64956665039062
2024-05-21,USO,76.160003662109375
2024-05-21,XES,92.269828796386719
2024-05-21,XLE,43.458728790283203
2024-05-21,XOP,143.58529663085938
2024-05-22,BNO,30.440000534057617
2024-05-22,OIH,305.31796264648438
2024-05-22,USO,74.870002746582031
2024-05-22,XES,88.84100341796875
2024-05-22,XLE,42.625476837158203
2024-05-22,XOP,141.43135070800781
2024-05-23,BNO,30.309999465942383
2024-05-23,OIH,302.77630615234375
2024-05-23,USO,74.449996948242188
2024-05-23,XES,87.77191162109375
2024-05-23,XLE,42.236625671386719
2024-05-23,XOP,139.91984558105469
2024-05-24,BNO,30.610000610351562
2024-05-24,OIH,303.58502197265625
2024-05-24,USO,75.349998474121094
2024-05-24,XES,88.099388122558594
2024-05-24,XLE,42.296810150146484
2024-05-24,XOP,140.21272277832031
2024-05-28,BNO,31.5
2024-05-28,OIH,308.9764404296875
2024-05-28,USO,77.660003662109375
2024-05-28,XES,90.150894165039062
2024-05-28,XLE,42.731948852539062
2024-05-28,XOP,142.37606811523438
2024-05-29,BNO,31.100000381469727
2024-05-29,OIH,302.20828247070312
2024-05-29,USO,76.569999694824219
2024-05-29,XES,87.945281982421875
2024-05-29,XLE,41.977394104003906
2024-05-29,XOP,140.09933471679688
2024-05-30,BNO,30.649999618530273
2024-05-30,OIH,303.28656005859375
2024-05-30,USO,75.529998779296875
2024-05-30,XES,88.292030334472656
2024-05-30,XLE,42.097751617431641
2024-05-30,XOP,140.74172973632812
2024-05-31,BNO,30.420000076293945
2024-05-31,OIH,309.41934204101562
2024-05-31,USO,74.819999694824219
2024-05-31,XES,90.285736083984375
2024-05-31,XLE,43.143943786621094
2024-05-31,XOP,143.5947265625
2024-06-03,BNO,29.260000228881836
2024-06-03,OIH,294.37149047851562
2024-06-03,USO,71.830001831054688
2024-06-03,XES,85.450721740722656
2024-06-03,XLE,42.014427185058594
2024-06-03,XOP,139.45693969726562
2024-06-04,BNO,29.010000228881836
2024-06-04,OIH,287.67071533203125
2024-06-04,USO,71.089996337890625
2024-06-04,XES,82.956161499023438
2024-06-04,XLE,41.611686706542969
2024-06-04,XOP,137.31245422363281
2024-06-05,BNO,29.360000610351562
2024-06-05,OIH,288.57568359375
2024-06-05,USO,71.889999389648438
2024-06-05,XES,83.408851623535156
2024-06-05,XLE,41.607059478759766
2024-06-05,XOP,137.77537536621094
2024-06-06,BNO,29.899999618530273
2024-06-06,OIH,289.04745483398438
2024-06-06,USO,73.260002136230469
2024-06-06,XES,83.591842651367188
2024-06-06,XLE,41.824626922607422
2024-06-06,XOP,138.46498107910156
2024-06-07,BNO,29.719999313354492
2024-06-07,OIH,290.21237182617188
2024-06-07,USO,73.019996643066406
2024-06-07,XES,83.611099243164062
2024-06-07,XLE,41.657978057861328
2024-06-07,XOP,137.6336669921875
2024-06-10,BNO,30.629999160766602
2024-06-10,OIH,298.30914306640625
2024-06-10,USO,75.459999084472656
2024-06-10,XES,86.895454406738281
2024-06-10,XLE,41.972763061523438
2024-06-10,XOP,140.5716552734375
2024-06-11,BNO,30.649999618530273
2024-06-11,OIH,297.28863525390625
2024-06-11,USO,75.510002136230469
2024-06-11,XES,86.259773254394531
2024-06-11,XLE,41.889434814453125
2024-06-11,XOP,141.025146484375
2024-06-12,BNO,30.879999160766602
2024-06-12,OIH,298.98306274414062
2024-06-12,USO,75.980003356933594
2024-06-12,XES,87.097702026367188
2024-06-12,XLE,41.440406799316406
2024-06-12,XOP,139.31521606445312
2024-06-13,BNO,30.819999694824219
2024-06-13,OIH,292.1763916015625
2024-06-13,USO,75.739997863769531
2024-06-13,XES,84.834312438964844
2024-06-13,XLE,41.060821533203125
2024-06-13,XOP,137.16130065917969
2024-06-14,BNO,30.950000762939453
2024-06-14,OIH,284.30105590820312
2024-06-14,USO,76.080001831054688
2024-06-14,XES,82.195266723632812
2024-06-14,XLE,40.755294799804688
2024-06-14,XOP,134.8468017578125
2024-06-17,BNO,31.600000381469727
2024-06-17,OIH,288.94155883789062
2024-06-17,USO,77.790000915527344
2024-06-17,XES,83.3414306640625
2024-06-17,XLE,40.861763000488281
2024-06-17,XOP,134.81845092773438
2024-06-18,BNO,31.940000534057617
2024-06-18,OIH,289.85617065429688
2024-06-18,USO,78.669998168945312
2024-06-18,XES,83.534065246582031
2024-06-18,XLE,41.033039093017578
2024-06-18,XOP,134.99794006347656
2024-06-20,BNO,32.110000610351562
2024-06-20,OIH,293.02359008789062
2024-06-20,USO,79.410003662109375
2024-06-20,XES,84.266044616699219
2024-06-20,XLE,41.78759765625
2024-06-20,XOP,136.50946044921875
2024-06-21,BNO,31.860000610351562
2024-06-21,OIH,293.96710205078125
2024-06-21,USO,78.650001525878906
2024-06-21,XES,84.36236572265625
2024-06-21,XLE,41.546878814697266
2024-06-21,XOP,135.45140075683594
2024-06-24,BNO,32.240001678466797
2024-06-24,OIH,302.073486328125
2024-06-24,USO,79.699996948242188
2024-06-24,XES,86.497261047363281
2024-06-24,XLE,42.594474792480469
2024-06-24,XOP,139.41893005371094
2024-06-25,BNO,31.870000839233398
2024-06-25,OIH,303.26730346679688
2024-06-25,USO,78.900001525878906
2024-06-25,XES,86.680809020996094
2024-06-25,XLE,42.692470550537109
2024-06-25,XOP,139.21943664550781
2024-06-26,BNO,31.870000839233398
2024-06-26,OIH,299.82064819335938
2024-06-26,USO,78.75
2024-06-26,XES,86.062545776367188
2024-06-26,XLE,42.272499084472656
2024-06-26,XOP,137.89915466308594
2024-06-27,BNO,32.290000915527344
2024-06-27,OIH,301.59213256835938
2024-06-27,USO,79.919998168945312
2024-06-27,XES,86.980270385742188
2024-06-27,XLE,42.370491027832031
2024-06-27,XOP,137.92765808105469
2024-06-28,BNO,32.150001525878906
2024-06-28,OIH,304.40335083007812
2024-06-28,USO,79.589996337890625
2024-06-28,XES,87.762733459472656
2024-06-28,XLE,42.5338134765625
2024-06-28,XOP,138.17460632324219
2024-07-01,BNO,32.860000610351562
2024-07-01,OIH,300.24423217773438
2024-07-01,USO,81.540000915527344
2024-07-01,XES,86.342697143554688
2024-07-01,XLE,42.557144165039062
2024-07-01,XOP,138.55455017089844
2024-07-02,BNO,32.740001678466797
2024-07-02,OIH,301.45733642578125
2024-07-02,USO,81.110000610351562
2024-07-02,XES,86.796730041503906
2024-07-02,XLE,42.524482727050781
2024-07-02,XOP,139.08647155761719
2024-07-03,BNO,32.810001373291016
2024-07-03,OIH,303.16140747070312
2024-07-03,USO,81.269996643066406
2024-07-03,XES,87.559883117675781
2024-07-03,XLE,42.711135864257812
2024-07-03,XOP,140.2642822265625
2024-07-05,BNO,32.810001373291016
2024-07-05,OIH,298.25137329101562
2024-07-05,USO,81.30999755859375
2024-07-05,XES,86.033576965332031
2024-07-05,XLE,42.043842315673828
2024-07-05,XOP,136.74984741210938
2024-07-08,BNO,32.459999084472656
2024-07-08,OIH,298.30914306640625
2024-07-08,USO,80.419998168945312
2024-07-08,XES,85.898338317871094
2024-07-08,XLE,41.787197113037109
2024-07-08,XOP,136.73086547851562
2024-07-09,BNO,32.119998931884766
2024-07-09,OIH,293.75527954101562
2024-07-09,USO,79.769996643066406
2024-07-09,XES,84.777755737304688
2024-07-09,XLE,41.418560028076172
2024-07-09,XOP,135.48654174804688
2024-07-10,BNO,32.340000152587891
2024-07-10,OIH,296.2969970703125
2024-07-10,USO,80.480003356933594
2024-07-10,XES,86.043243408203125
2024-07-10,XLE,41.698535919189453
2024-07-10,XOP,136.10392761230469
2024-07-11,BNO,32.509998321533203
2024-07-11,OIH,303.50799560546875
2024-07-11,USO,80.94000244140625
2024-07-11,XES,88.419639587402344
2024-07-11,XLE,42.13250732421875
2024-07-11,XOP,138.42156982421875
2024-07-12,BNO,32.229999542236328
2024-07-12,OIH,305.52978515625
2024-07-12,USO,80.25
2024-07-12,XES,89.105499267578125
2024-07-12,XLE,42.239833831787109
2024-07-12,XOP,138.67803955078125
2024-07-15,BNO,32.169998168945312
2024-07-15,OIH,316.94802856445312
2024-07-15,USO,80.120002746582031
2024-07-15,XES,92.641143798828125
2024-07-15,XLE,42.879127502441406
2024-07-15,XOP,140.73919677734375
2024-07-16,BNO,31.770000457763672
2024-07-16,OIH,322.61865234375
2024-07-16,USO,79.05999755859375
2024-07-16,XES,94.370315551757812
2024-07-16,XLE,43.070438385009766
2024-07-16,XOP,140.91969299316406
2024-07-17,BNO,32.240001678466797
2024-07-17,OIH,321.32855224609375
2024-07-17,USO,80.620002746582031
2024-07-17,XES,93.800361633300781
2024-07-17,XLE,43.499752044677734
2024-07-17,XOP,140.81521606445312
2024-07-18,BNO,32.090000152587891
2024-07-18,OIH,319.00836181640625
2024-07-18,USO,79.900001525878906
2024-07-18,XES,92.88262939453125
2024-07-18,XLE,43.579078674316406
2024-07-18,XOP,140.13130187988281
2024-07-19,BNO,31.409999847412109
2024-07-19,OIH,316.63031005859375
2024-07-19,USO,78
2024-07-19,XES,91.684783935546875
2024-07-19,XLE,43.103111267089844
2024-07-19,XOP,139.13394165039062
2024-07-22,BNO,31.270000457763672
2024-07-22,OIH,315.00326538085938
2024-07-22,USO,77.620002746582031
2024-07-22,XES,91.849006652832031
2024-07-22,XLE,42.832462310791016
2024-07-22,XOP,138.4500732421875
2024-07-23,BNO,30.930000305175781
2024-07-23,OIH,315.09954833984375
2024-07-23,USO,76.620002746582031
2024-07-23,XES,91.617156982421875
2024-07-23,XLE,42.151165008544922
2024-07-23,XOP,136.36991882324219
2024-07-24,BNO,31.010000228881836
2024-07-24,OIH,307.66708374023438
2024-07-24,USO,76.80999755859375
2024-07-24,XES,89.665809631347656
2024-07-24,XLE,42.155838012695312
2024-07-24,XOP,135.4295654296875
2024-07-25,BNO,31.270000457763672
2024-07-25,OIH,317.45828247070312
2024-07-25,USO,77.459999084472656
2024-07-25,XES,92.94061279296875
2024-07-25,XLE,42.883792877197266
2024-07-25,XOP,137.1488037109375
2024-07-26,BNO,30.739999771118164
2024-07-26,OIH,321.66552734375
2024-07-26,USO,76.110000610351562
2024-07-26,XES,93.838996887207031
2024-07-26,XLE,43.019107818603516
2024-07-26,XOP,137.87065124511719
2024-07-29,BNO,30.409999847412109
2024-07-29,OIH,317.98782348632812
2024-07-29,USO,75.19000244140625
2024-07-29,XES,92.467247009277344
2024-07-29,XLE,42.650470733642578
2024-07-29,XOP,136.15142822265625
2024-07-30,BNO,30.159999847412109
2024-07-30,OIH,319.094970703125
2024-07-30,USO,74.459999084472656
2024-07-30,XES,93.211082458496094
2024-07-30,XLE,43.313095092773438
2024-07-30,XOP,137.91816711425781
2024-07-31,BNO,31.299999237060547
2024-07-31,OIH,324.80410766601562
2024-07-31,USO,77.739997863769531
2024-07-31,XES,95.133476257324219
2024-07-31,XLE,43.495086669921875
2024-07-31,XOP,139.04847717285156
2024-08-01,BNO,30.829999923706055
2024-08-01,OIH,311.09451293945312
2024-08-01,USO,76.290000915527344
2024-08-01,XES,90.873329162597656
2024-08-01,XLE,42.342494964599609
2024-08-01,XOP,134.878662109375
2024-08-02,BNO,29.729999542236328
2024-08-02,OIH,295.44973754882812
2024-08-02,USO,73.389999389648438
2024-08-02,XES,85.569900512695312
2024-08-02,XLE,41.250568389892578
2024-08-02,XOP,127.99221038818359
2024-08-05,BNO,29.690000534057617
2024-08-05,OIH,284.6187744140625
2024-08-05,USO,73.220001220703125
2024-08-05,XES,81.947311401367188
2024-08-05,XLE,40.340625762939453
2024-08-05,XOP,124.4302978515625
2024-08-06,BNO,29.370000839233398
2024-08-06,OIH,283.02059936523438
2024-08-06,USO,72.449996948242188
2024-08-06,XES,82.285423278808594
2024-08-06,XLE,40.587944030761719
2024-08-06,XOP,124.87673950195312
2024-08-07,BNO,30.180000305175781
2024-08-07,OIH,281.42242431640625
2024-08-07,USO,74.69000244140625
2024-08-07,XES,81.812088012695312
2024-08-07,XLE,40.751266479492188
2024-08-07,XOP,125.74108123779297
2024-08-08,BNO,30.450000762939453
2024-08-08,OIH,287.88250732421875
2024-08-08,USO,75.360000610351562
2024-08-08,XES,83.879356384277344
2024-08-08,XLE,41.6285400390625
2024-08-08,XOP,129.55000305175781
2024-08-09,BNO,30.709999084472656
2024-08-09,OIH,286.63092041015625
2024-08-09,USO,76.220001220703125
2024-08-09,XES,83.377029418945312
2024-08-09,XLE,41.721874237060547
2024-08-09,XOP,129.59744262695312
2024-08-12,BNO,31.549999237060547
2024-08-12,OIH,288.91262817382812
2024-08-12,USO,78.629997253417969
2024-08-12,XES,84.149833679199219
2024-08-12,XLE,41.927188873291016
2024-08-12,XOP,131.35469055175781
2024-08-13,BNO,31.129999160766602
2024-08-13,OIH,286.65982055664062
2024-08-13,USO,77.639999389648438
2024-08-13,XES,82.990615844726562
2024-08-13,XLE,41.521213531494141
2024-08-13,XOP,130.00590515136719
2024-08-14,BNO,30.770000457763672
2024-08-14,OIH,285.427490234375
2024-08-14,USO,76.589996337890625
2024-08-14,XES,82.623527526855469
2024-08-14,XLE,41.763866424560547
2024-08-14,XOP,130.51884460449219
2024-08-15,BNO,31.170000076293945
2024-08-15,OIH,291.146240234375
2024-08-15,USO,77.410003662109375
2024-08-15,XES,84.536239624023438
2024-08-15,XLE,42.263164520263672
2024-08-15,XOP,132.87445068359375
2024-08-16,BNO,30.75
2024-08-16,OIH,290.71298217773438
2024-08-16,USO,76.319999694824219
2024-08-16,XES,84.613525390625
2024-08-16,XLE,42.216499328613281
2024-08-16,XOP,132.32354736328125
2024-08-19,BNO,30.010000228881836
2024-08-19,OIH,292.763671875
2024-08-19,USO,74.379997253417969
2024-08-19,XES,84.961296081542969
2024-08-19,XLE,42.501152038574219
2024-08-19,XOP,133.28291320800781
2024-08-20,BNO,29.790000915527344
2024-08-20,OIH,283.03024291992188
2024-08-20,USO,73.830001831054688
2024-08-20,XES,81.947311401367188
2024-08-20,XLE,41.3812255859375
2024-08-20,XOP,129.86343383789062
2024-08-21,BNO,29.370000839233398
2024-08-21,OIH,284.16629028320312
2024-08-21,USO,72.599998474121094
2024-08-21,XES,82.169486999511719
2024-08-21,XLE,41.451221466064453
2024-08-21,XOP,129.92991638183594
2024-08-22,BNO,29.709999084472656
2024-08-22,OIH,283.03024291992188
2024-08-22,USO,73.580001831054688
2024-08-22,XES,81.696159362792969
2024-08-22,XLE,41.558544158935547
2024-08-22,XOP,129.50247192382812
2024-08-23,BNO,30.379999160766602
2024-08-23,OIH,291.30987548828125
2024-08-23,USO,75.550003051757812
2024-08-23,XES,84.603874206542969
2024-08-23,XLE,42.179168701171875
2024-08-23,XOP,132.16204833984375
2024-08-26,BNO,31.149999618530273
2024-08-26,OIH,293.37020874023438
2024-08-26,USO,77.830001831054688
2024-08-26,XES,85.453956604003906
2024-08-26,XLE,42.557144165039062
2024-08-26,XOP,133.06443786621094
2024-08-27,BNO,30.639999389648438
2024-08-27,OIH,290.838134765625
2024-08-27,USO,76.489997863769531
2024-08-27,XES,84.671485900878906
2024-08-27,XLE,42.160507202148438
2024-08-27,XOP,131.34519958496094
2024-08-28,BNO,30.229999542236328
2024-08-28,OIH,284.80172729492188
2024-08-28,USO,75.480003356933594
2024-08-28,XES,83.174171447753906
2024-08-28,XLE,41.889854431152344
2024-08-28,XOP,130.7752685546875
2024-08-29,BNO,30.709999084472656
2024-08-29,OIH,288.286865234375
2024-08-29,USO,76.769996643066406
2024-08-29,XES,84.082221984863281
2024-08-29,XLE,42.435817718505859
2024-08-29,XOP,132.83647155761719
2024-08-30,BNO,29.950000762939453
2024-08-30,OIH,287.44927978515625
2024-08-30,USO,74.339996337890625
2024-08-30,XES,83.705474853515625
2024-08-30,XLE,42.594474792480469
2024-08-30,XOP,132.5419921875
2024-09-03,BNO,28.719999313354492
2024-09-03,OIH,274.808349609375
2024-09-03,USO,71.089996337890625
2024-09-03,XES,79.474311828613281
2024-09-03,XLE,41.53521728515625
2024-09-03,XOP,127.65026092529297
2024-09-04,BNO,28.200000762939453
2024-09-04,OIH,270.687744140625
2024-09-04,USO,69.610000610351562
2024-09-04,XES,78.305427551269531
2024-09-04,XLE,40.961257934570312
2024-09-04,XOP,125.57962036132812
2024-09-05,BNO,28.309999465942383
2024-09-05,OIH,269.33990478515625
2024-09-05,USO,69.889999389648438
2024-09-05,XES,77.97698974609375
2024-09-05,XLE,40.643939971923828
2024-09-05,XOP,124.59176635742188
2024-09-06,BNO,27.860000610351562
2024-09-06,OIH,264.218017578125
2024-09-06,USO,68.930000305175781
2024-09-06,XES,76.286460876464844
2024-09-06,XLE,40.135307312011719
2024-09-06,XOP,122.64456939697266
2024-09-09,BNO,27.930000305175781
2024-09-09,OIH,264.26614379882812
2024-09-09,USO,69.269996643066406
2024-09-09,XES,76.151206970214844
2024-09-09,XLE,40.424617767333984
2024-09-09,XOP,121.88470458984375
2024-09-10,BNO,27.120000839233398
2024-09-10,OIH,258.62442016601562
2024-09-10,USO,66.959999084472656
2024-09-10,XES,74.43170166015625
2024-09-10,XLE,39.729335784912109
2024-09-10,XOP,120.55490875244141
2024-09-11,BNO,27.459999084472656
2024-09-11,OIH,258.60516357421875
2024-09-11,USO,67.849998474121094
2024-09-11,XES,74.576591491699219
2024-09-11,XLE,39.360694885253906
2024-09-11,XOP,120.50740814208984
2024-09-12,BNO,28.159999847412109
2024-09-12,OIH,260.73287963867188
2024-09-12,USO,69.889999389648438
2024-09-12,XES,75.233489990234375
2024-09-12,XLE,39.715339660644531
2024-09-12,XOP,120.86836242675781
2024-09-13,BNO,28.120000839233398
2024-09-13,OIH,261.12762451171875
2024-09-13,USO,69.839996337890625
2024-09-13,XES,75.494316101074219
2024-09-13,XLE,39.939319610595703
2024-09-13,XOP,122.10316467285156
2024-09-16,BNO,28.450000762939453
2024-09-16,OIH,266.7982177734375
2024-09-16,USO,70.879997253417969
2024-09-16,XES,77.542274475097656
2024-09-16,XLE,40.396621704101562
2024-09-16,XOP,123.34748077392578
2024-09-17,BNO,28.790000915527344
2024-09-17,OIH,275.06826782226562
2024-09-17,USO,71.720001220703125
2024-09-17,XES,80.189155578613281
2024-09-17,XLE,40.942584991455078
2024-09-17,XOP,125.56062316894531
2024-09-18,BNO,28.399999618530273
2024-09-18,OIH,273.14276123046875
2024-09-18,USO,70.660003662109375
2024-09-18,XES,79.310089111328125
2024-09-18,XLE,41.021915435791016
2024-09-18,XOP,126.01654052734375
2024-09-19,BNO,29.129999160766602
2024-09-19,OIH,280.084228515625
2024-09-19,USO,72.75
2024-09-19,XES,81.348388671875
2024-09-19,XLE,41.511875152587891
2024-09-19,XOP,128.0587158203125
2024-09-20,BNO,29.129999160766602
2024-09-20,OIH,280.05535888671875
2024-09-20,USO,72.919998168945312
2024-09-20,XES,81.580230712890625
2024-09-20,XLE,41.418560028076172
2024-09-20,XOP,128.04920959472656
2024-09-23,BNO,28.920000076293945
2024-09-23,OIH,282.38519287109375
2024-09-23,USO,72.25
2024-09-23,XES,82.225936889648438
2024-09-23,XLE,41.929977416992188
2024-09-23,XOP,129.22154235839844
2024-09-24,BNO,29.350000381469727
2024-09-24,OIH,282.96282958984375
2024-09-24,USO,73.290000915527344
2024-09-24,XES,82.109603881835938
2024-09-24,XLE,41.826469421386719
2024-09-24,XOP,128.39920043945312
2024-09-25,BNO,28.790000915527344
2024-09-25,OIH,274.2017822265625
2024-09-25,USO,71.480003356933594
2024-09-25,XES,79.230087280273438
2024-09-25,XLE,41.007820129394531
2024-09-25,XOP,125.35845947265625
2024-09-26,BNO,27.870000839233398
2024-09-26,OIH,265.6429443359375
2024-09-26,USO,69.010002136230469
2024-09-26,XES,76.234237670898438
2024-09-26,XLE,40.203281402587891
2024-09-26,XOP,122.34639739990234
2024-09-27,BNO,28.360000610351562
2024-09-27,OIH,272.43997192382812
2024-09-27,USO,70.269996643066406
2024-09-27,XES,78.047248840332031
2024-09-27,XLE,41.021934509277344
2024-09-27,XOP,125.39671325683594
2024-09-30,BNO,28.309999465942383
2024-09-30,OIH,273.14276123046875
2024-09-30,USO,69.919998168945312
2024-09-30,XES,78.309036254882812
2024-09-30,XLE,41.308933258056641
2024-09-30,XOP,125.76007843017578
2024-10-01,BNO,29.190000534057617
2024-10-01,OIH,279.776123046875
2024-10-01,USO,72.110000610351562
2024-10-01,XES,80.315948486328125
2024-10-01,XLE,42.249908447265625
2024-10-01,XOP,127.87326812744141
2024-10-02,BNO,29.479999542236328
2024-10-02,OIH,281.17208862304688
2024-10-02,USO,72.760002136230469
2024-10-02,XES,80.606819152832031
2024-10-02,XLE,42.682758331298828
2024-10-02,XOP,129.43190002441406
2024-10-03,BNO,30.670000076293945
2024-10-03,OIH,287.3433837890625
2024-10-03,USO,75.730003356933594
2024-10-03,XES,82.313194274902344
2024-10-03,XLE,43.435539245605469
2024-10-03,XOP,133.68701171875
2024-10-04,BNO,30.829999923706055
2024-10-04,OIH,290.65524291992188
2024-10-04,USO,76.349998474121094
2024-10-04,XES,83.486328125
2024-10-04,XLE,43.840156555175781
2024-10-04,XOP,134.62406921386719
2024-10-07,BNO,32.009998321533203
2024-10-07,OIH,290.65524291992188
2024-10-07,USO,79.199996948242188
2024-10-07,XES,83.6705322265625
2024-10-07,XLE,43.995426177978516
2024-10-07,XOP,135.45599365234375
2024-10-08,BNO,30.590000152587891
2024-10-08,OIH,282.67401123046875
2024-10-08,USO,75.790000915527344
2024-10-08,XES,81.052810668945312
2024-10-08,XLE,42.847427368164062
2024-10-08,XOP,131.73635864257812
2024-10-09,BNO,30.299999237060547
2024-10-09,OIH,281.67276000976562
2024-10-09,USO,75.25
2024-10-09,XES,80.655303955078125
2024-10-09,XLE,43.106197357177734
2024-10-09,XOP,131.75544738769531
2024-10-10,BNO,31.340000152587891
2024-10-10,OIH,284.01223754882812
2024-10-10,USO,77.769996643066406
2024-10-10,XES,81.217620849609375
2024-10-10,XLE,43.397895812988281
2024-10-10,XOP,133.06547546386719
2024-10-11,BNO,31.190000534057617
2024-10-11,OIH,286.5250244140625
2024-10-11,USO,77.489997863769531
2024-10-11,XES,82.080513000488281
2024-10-11,XLE,43.66607666015625
2024-10-11,XOP,134.54757690429688
2024-10-14,BNO,30.629999160766602
2024-10-14,OIH,284.12777709960938
2024-10-14,USO,75.930000305175781
2024-10-14,XES,81.207931518554688
2024-10-14,XLE,43.647258758544922
2024-10-14,XOP,132.711669921875
2024-10-15,BNO,29.450000762939453
2024-10-15,OIH,273.37384033203125
2024-10-15,USO,72.760002136230469
2024-10-15,XES,78.241165161132812
2024-10-15,XLE,42.240501403808594
2024-10-15,XOP,127.61508941650391
2024-10-16,BNO,29.370000839233398
2024-10-16,OIH,276.58941650390625
2024-10-16,USO,72.400001525878906
2024-10-16,XES,79.414306640625
2024-10-16,XLE,42.442806243896484
2024-10-16,XOP,128.58087158203125
2024-10-17,BNO,29.450000762939453
2024-10-17,OIH,276.61831665039062
2024-10-17,USO,72.620002746582031
2024-10-17,XES,78.968315124511719
2024-10-17,XLE,42.645126342773438
2024-10-17,XOP,129.73786926269531
2024-10-18,BNO,28.959999084472656
2024-10-18,OIH,269.11846923828125
2024-10-18,USO,71.379997253417969
2024-10-18,XES,77.145584106445312
2024-10-18,XLE,42.50396728515625
2024-10-18,XOP,128.96333312988281
2024-10-21,BNO,29.290000915527344
2024-10-21,OIH,269.76351928710938
2024-10-21,USO,72.260002136230469
2024-10-21,XES,77.077728271484375
2024-10-21,XLE,42.376937866210938
2024-10-21,XOP,128.32270812988281
2024-10-22,BNO,29.950000762939453
2024-10-22,OIH,267.76095581054688
2024-10-22,USO,73.980003356933594
2024-10-22,XES,76.311798095703125
2024-10-22,XLE,42.475742340087891
2024-10-22,XOP,128.64779663085938
2024-10-23,BNO,29.75
2024-10-23,OIH,265.81619262695312
2024-10-23,USO,73.550003051757812
2024-10-23,XES,75.303482055664062
2024-10-23,XLE,42.254611968994141
2024-10-23,XOP,127.47167205810547
2024-10-24,BNO,29.579999923706055
2024-10-24,OIH,264.68017578125
2024-10-24,USO,73.05999755859375
2024-10-24,XES,75.419830322265625
2024-10-24,XLE,42.249908447265625
2024-10-24,XOP,128.46614074707031
2024-10-25,BNO,30.030000686645508
2024-10-25,OIH,268.38671875
2024-10-25,USO,74.230003356933594
2024-10-25,XES,76.52508544921875
2024-10-25,XLE,42.235794067382812
2024-10-25,XOP,128.47569274902344
2024-10-28,BNO,28.459999084472656
2024-10-28,OIH,265.6429443359375
2024-10-28,USO,70.430000305175781
2024-10-28,XES,75.448898315429688
2024-10-28,XLE,41.967613220214844
2024-10-28,XOP,126.76409912109375
2024-10-29,BNO,28.159999847412109
2024-10-29,OIH,261.89779663085938
2024-10-29,USO,69.660003662109375
2024-10-29,XES,74.55694580078125
2024-10-29,XLE,41.327751159667969
2024-10-29,XOP,124.708251953125
2024-10-30,BNO,28.829999923706055
2024-10-30,OIH,262.40805053710938
2024-10-30,USO,71.360000610351562
2024-10-30,XES,74.721771240234375
2024-10-30,XLE,41.421844482421875
2024-10-30,XOP,125.93218231201172
2024-10-31,BNO,29.489999771118164
2024-10-31,OIH,264.34320068359375
2024-10-31,USO,73.080001831054688
2024-10-31,XES,75.080490112304688
2024-10-31,XLE,41.680622100830078
2024-10-31,XOP,125.00466156005859
2024-11-01,BNO,29.059999465942383
2024-11-01,OIH,261.666748046875
2024-11-01,USO,72.019996643066406
2024-11-01,XES,73.936454772949219
2024-11-01,XLE,41.417144775390625
2024-11-01,XOP,123.67552947998047
2024-11-04,BNO,29.979999542236328
2024-11-04,OIH,265.72955322265625
2024-11-04,USO,74.290000915527344
2024-11-04,XES,75.51678466796875
2024-11-04,XLE,42.141700744628906
2024-11-04,XOP,126.02780151367188
2024-11-05,BNO,30.079999923706055
2024-11-05,OIH,268.90664672851562
2024-11-05,USO,74.730003356933594
2024-11-05,XES,76.748092651367188
2024-11-05,XLE,42.423988342285156
2024-11-05,XOP,127.13703155517578
2024-11-06,BNO,29.950000762939453
2024-11-06,OIH,292.985107421875
2024-11-06,USO,74.540000915527344
2024-11-06,XES,83.573593139648438
2024-11-06,XLE,44.018943786621094
2024-11-06,XOP,133.79219055175781
2024-11-07,BNO,30.020000457763672
2024-11-07,OIH,290.17385864257812
2024-11-07,USO,74.660003662109375
2024-11-07,XES,82.371376037597656
2024-11-07,XLE,43.816635131835938
2024-11-07,XOP,132.95071411132812
2024-11-08,BNO,29.450000762939453
2024-11-08,OIH,287.06417846679688
2024-11-08,USO,73.129997253417969
2024-11-08,XES,81.246711730957031
2024-11-08,XLE,44.108341217041016
2024-11-08,XOP,133.89736938476562
2024-11-11,BNO,28.670000076293945
2024-11-11,OIH,293.50497436523438
2024-11-11,USO,70.94000244140625
2024-11-11,XES,83.321510314941406
2024-11-11,XLE,44.357704162597656
2024-11-11,XOP,135.9053955078125
2024-11-12,BNO,28.590000152587891
2024-11-12,OIH,290.81893920898438
2024-11-12,USO,70.69000244140625
2024-11-12,XES,82.419837951660156
2024-11-12,XLE,44.122455596923828
2024-11-12,XOP,134.58584594726562
2024-11-13,BNO,28.659999847412109
2024-11-13,OIH,286.60205078125
2024-11-13,USO,70.730003356933594
2024-11-13,XES,81.0625
2024-11-13,XLE,44.465915679931641
2024-11-13,XOP,135.15000915527344
2024-11-14,BNO,28.860000610351562
2024-11-14,OIH,285.80294799804688
2024-11-14,USO,71.290000915527344
2024-11-14,XES,80.451698303222656
2024-11-14,XLE,44.635284423828125
2024-11-14,XOP,135.97232055664062
2024-11-15,BNO,28.309999465942383
2024-11-15,OIH,281.22024536132812
2024-11-15,USO,69.75
2024-11-15,XES,78.939216613769531
2024-11-15,XLE,44.569423675537109
2024-11-15,XOP,134.68145751953125
2024-11-18,BNO,29.219999313354492
2024-11-18,OIH,284.47439575195312
2024-11-18,USO,72.069999694824219
2024-11-18,XES,80.248092651367188
2024-11-18,XLE,45.162235260009766
2024-11-18,XOP,137.3492431640625
2024-11-19,BNO,29.260000228881836
2024-11-19,OIH,282.86654663085938
2024-11-19,USO,72.30999755859375
2024-11-19,XES,79.782722473144531
2024-11-19,XLE,44.875232696533203
2024-11-19,XOP,136.46955871582031
2024-11-20,BNO,29.120000839233398
2024-11-20,OIH,286.56353759765625
2024-11-20,USO,72.019996643066406
2024-11-20,XES,80.7425537109375
2024-11-20,XLE,45.326908111572266
2024-11-20,XOP,138.70706176757812
2024-11-21,BNO,29.569999694824219
2024-11-21,OIH,292.542236328125
2024-11-21,USO,73.199996948242188
2024-11-21,XES,83.176063537597656
2024-11-21,XLE,45.693889617919922
2024-11-21,XOP,140.47605895996094
2024-11-22,BNO,29.819999694824219
2024-11-22,OIH,295.81561279296875
2024-11-22,USO,74.25
2024-11-22,XES,84.543113708496094
2024-11-22,XLE,45.764461517333984
2024-11-22,XOP,142.15898132324219
2024-11-25,BNO,29.069999694824219
2024-11-25,OIH,292.46524047851562
2024-11-25,USO,72.099998474121094
2024-11-25,XES,83.42816162109375
2024-11-25,XLE,44.861122131347656
2024-11-25,XOP,139.64413452148438
2024-11-26,BNO,28.899999618530273
2024-11-26,OIH,289.14370727539062
2024-11-26,USO,71.610000610351562
2024-11-26,XES,82.342269897460938
2024-11-26,XLE,44.799961090087891
2024-11-26,XOP,138.64013671875
2024-11-27,BNO,28.959999084472656
2024-11-27,OIH,290.01983642578125
2024-11-27,USO,71.720001220703125
2024-11-27,XES,82.536178588867188
2024-11-27,XLE,44.752910614013672
2024-11-27,XOP,138.64970397949219
2024-11-29,BNO,29
2024-11-29,OIH,292.00308227539062
2024-11-29,USO,71.610000610351562
2024-11-29,XES,83.166374206542969
2024-11-29,XLE,44.945812225341797
2024-11-29,XOP,139.10865783691406
2024-12-02,BNO,28.770000457763672
2024-12-02,OIH,291.1365966796875
2024-12-02,USO,71.040000915527344
2024-12-02,XES,83.205177307128906
2024-12-02,XLE,44.470615386962891
2024-12-02,XOP,137.53096008300781
2024-12-03,BNO,29.5
2024-12-03,OIH,291.85867309570312
2024-12-03,USO,73.040000915527344
2024-12-03,XES,83.350601196289062
2024-12-03,XLE,44.465915679931641
2024-12-03,XOP,137.63612365722656
2024-12-04,BNO,29.059999465942383
2024-12-04,OIH,286.1591796875
2024-12-04,USO,71.879997253417969
2024-12-04,XES,81.644218444824219
2024-12-04,XLE,43.393196105957031
2024-12-04,XOP,133.30451965332031
2024-12-05,BNO,28.940000534057617
2024-12-05,OIH,284.29144287109375
2024-12-05,USO,71.470001220703125
2024-12-05,XES,81.246711730957031
2024-12-05,XLE,43.562568664550781
2024-12-05,XOP,132.89335632324219
2024-12-06,BNO,28.469999313354492
2024-12-06,OIH,273.49896240234375
2024-12-06,USO,70.239997863769531
2024-12-06,XES,77.649742126464844
2024-12-06,XLE,42.823909759521484
2024-12-06,XOP,129.87176513671875
2024-12-09,BNO,28.829999923706055
2024-12-09,OIH,275.44375610351562
2024-12-09,USO,71.169998168945312
2024-12-09,XES,78.279945373535156
2024-12-09,XLE,42.753334045410156
2024-12-09,XOP,131.10525512695312
2024-12-10,BNO,28.850000381469727
2024-12-10,OIH,275.58816528320312
2024-12-10,USO,71.400001525878906
2024-12-10,XES,79.055572509765625
2024-12-10,XLE,42.461627960205078
2024-12-10,XOP,130.31159973144531
2024-12-11,BNO,29.5
2024-12-11,OIH,280.75814819335938
2024-12-11,USO,73.330001831054688
2024-12-11,XES,80.61651611328125
2024-12-11,XLE,42.532207489013672
2024-12-11,XOP,132.19532775878906
2024-12-12,BNO,29.479999542236328
2024-12-12,OIH,276.36798095703125
2024-12-12,USO,73.209999084472656
2024-12-12,XES,78.648361206054688
2024-12-12,XLE,42.188747406005859
2024-12-12,XOP,131.0765380859375
2024-12-13,BNO,29.829999923706055
2024-12-13,OIH,273.31607055664062
2024-12-13,USO,74.209999084472656
2024-12-13,XES,77.8145751953125
2024-12-13,XLE,41.977027893066406
2024-12-13,XOP,130.005615234375
2024-12-16,BNO,29.610000610351562
2024-12-16,OIH,269.90789794921875
2024-12-16,USO,73.699996948242188
2024-12-16,XES,76.864425659179688
2024-12-16,XLE,41.054866790771484
2024-12-16,XOP,126.60151672363281
2024-12-17,BNO,29.399999618530273
2024-12-17,OIH,266.15316772460938
2024-12-17,USO,73.300003051757812
2024-12-17,XES,76.050018310546875
2024-12-17,XLE,40.749046325683594
2024-12-17,XOP,125.76961517333984
2024-12-18,BNO,29.200000762939453
2024-12-18,OIH,256.55453491210938
2024-12-18,USO,72.94000244140625
2024-12-18,XES,73.209304809570312
2024-12-18,XLE,39.544605255126953
2024-12-18,XOP,121.52407836914062
2024-12-19,BNO,29.090000152587891
2024-12-19,OIH,254.08024597167969
2024-12-19,USO,72.610000610351562
2024-12-19,XES,72.501541137695312
2024-12-19,XLE,39.201141357421875
2024-12-19,XOP,120.00370788574219
2024-12-20,BNO,29.280000686645508
2024-12-20,OIH,254.9852294921875
2024-12-20,USO,73.099998474121094
2024-12-20,XES,72.743919372558594
2024-12-20,XLE,39.586936950683594
2024-12-20,XOP,120.73042297363281
2024-12-23,BNO,29.270000457763672
2024-12-23,OIH,256.50778198242188
2024-12-23,USO,73.05999755859375
2024-12-23,XES,73.320037841796875
2024-12-23,XLE,39.819419860839844
2024-12-23,XOP,122.03732299804688
2024-12-24,BNO,29.469999313354492
2024-12-24,OIH,259.14208984375
2024-12-24,USO,73.650001525878906
2024-12-24,XES,73.942886352539062
2024-12-24,XLE,40.156261444091797
2024-12-24,XOP,123.50010681152344
2024-12-26,BNO,29.350000381469727
2024-12-26,OIH,260.50836181640625
2024-12-26,USO,73.129997253417969
2024-12-26,XES,74.487884521484375
2024-12-26,XLE,40.123058319091797
2024-12-26,XOP,123.50972747802734
2024-12-27,BNO,29.629999160766602
2024-12-27,OIH,260.41989135742188
2024-12-27,USO,73.849998474121094
2024-12-27,XES,74.147262573242188
2024-12-27,XLE,40.118312835693359
2024-12-27,XOP,123.70219421386719
2024-12-30,BNO,29.920000076293945
2024-12-30,OIH,262.99517822265625
2024-12-30,USO,74.819999694824219
2024-12-30,XES,75.538932800292969
2024-12-30,XLE,40.113571166992188
2024-12-30,XOP,125.71353912353516
2024-12-31,BNO,29.950000762939453
2024-12-31,OIH,266.60260009765625
2024-12-31,USO,75.550003051757812
2024-12-31,XES,76.804069519042969
2024-12-31,XLE,40.640193939208984
2024-12-31,XOP,127.38805389404297
2025-01-02,BNO,30.639999389648438
2025-01-02,OIH,271.46810913085938
2025-01-02,USO,76.930000305175781
2025-01-02,XES,78.857498168945312
2025-01-02,XLE,41.114620208740234
2025-01-02,XOP,129.745849609375
2025-01-03,BNO,30.930000305175781
2025-01-03,OIH,274.54473876953125
2025-01-03,USO,77.919998168945312
2025-01-03,XES,79.56793212890625
2025-01-03,XLE,41.498916625976562
2025-01-03,XOP,130.46763610839844
2025-01-06,BNO,30.780000686645508
2025-01-06,OIH,274.96737670898438
2025-01-06,USO,77.300003051757812
2025-01-06,XES,79.801490783691406
2025-01-06,XLE,41.30914306640625
2025-01-06,XOP,130.14042663574219
2025-01-07,BNO,31.149999618530273
2025-01-07,OIH,279.00726318359375
2025-01-07,USO,78.169998168945312
2025-01-07,XES,80.638427734375
2025-01-07,XLE,41.721908569335938
2025-01-07,XOP,131.61280822753906
2025-01-08,BNO,30.799999237060547
2025-01-08,OIH,275.0263671875
2025-01-08,USO,77.300003051757812
2025-01-08,XES,79.305160522460938
2025-01-08,XLE,41.764606475830078
2025-01-08,XOP,132.48861694335938
2025-01-10,BNO,32.220001220703125
2025-01-10,OIH,274.19088745117188
2025-01-10,USO,80.639999389648438
2025-01-10,XES,79.402481079101562
2025-01-10,XLE,41.935398101806641
2025-01-10,XOP,134.06686401367188
2025-01-13,BNO,32.680000305175781
2025-01-13,OIH,279.85260009765625
2025-01-13,USO,82.230003356933594
2025-01-13,XES,80.745498657226562
2025-01-13,XLE,42.817855834960938
2025-01-13,XOP,136.56903076171875
2025-01-14,BNO,32.419998168945312
2025-01-14,OIH,282.32962036132812
2025-01-14,USO,81.669998168945312
2025-01-14,XES,81.971710205078125
2025-01-14,XLE,43.278057098388672
2025-01-14,XOP,137.51211547851562
2025-01-15,BNO,33.349998474121094
2025-01-15,OIH,288.64007568359375
2025-01-15,USO,84.339996337890625
2025-01-15,XES,84.375465393066406
2025-01-15,XLE,43.918540954589844
2025-01-15,XOP,140.12977600097656
2025-01-16,BNO,32.889999389648438
2025-01-16,OIH,288.98410034179688
2025-01-16,USO,82.94000244140625
2025-01-16,XES,84.356010437011719
2025-01-16,XLE,44.236415863037109
2025-01-16,XOP,140.38961791992188
2025-01-17,BNO,32.650001525878906
2025-01-17,OIH,294.40011596679688
2025-01-17,USO,82.519996643066406
2025-01-17,XES,85.124839782714844
2025-01-17,XLE,44.578010559082031
2025-01-17,XOP,139.97579956054688
2025-01-21,BNO,32.180000305175781
2025-01-21,OIH,294.50820922851562
2025-01-21,USO,81.110000610351562
2025-01-21,XES,85.163749694824219
2025-01-21,XLE,44.35028076171875
2025-01-21,XOP,138.35899353027344
2025-01-22,BNO,31.969999313354492
2025-01-22,OIH,286.02545166015625
2025-01-22,USO,80.430000305175781
2025-01-22,XES,82.954620361328125
2025-01-22,XLE,43.543735504150391
2025-01-22,XOP,137.09832763671875
2025-01-23,BNO,31.579999923706055
2025-01-23,OIH,286.02545166015625
2025-01-23,USO,79.209999084472656
2025-01-23,XES,83.1395263671875
2025-01-23,XLE,43.743003845214844
2025-01-23,XOP,137.32925415039062
2025-01-24,BNO,31.709999084472656
2025-01-24,OIH,285.22927856445312
2025-01-24,USO,79.599998474121094
2025-01-24,XES,82.808639526367188
2025-01-24,XLE,43.320751190185547
2025-01-24,XOP,135.44303894042969
2025-01-27,BNO,31.149999618530273
2025-01-27,OIH,280.09832763671875
2025-01-27,USO,77.930000305175781
2025-01-27,XES,80.249160766601562
2025-01-27,XLE,42.870033264160156
2025-01-27,XOP,132.83505249023438
2025-01-28,BNO,31.340000152587891
2025-01-28,OIH,275.20330810546875
2025-01-28,USO,78.860000610351562
2025-01-28,XES,79.344085693359375
2025-01-28,XLE,42.462028503417969
2025-01-28,XOP,132.15177917480469
2025-01-29,BNO,31.049999237060547
2025-01-29,OIH,273.5224609375
2025-01-29,USO,77.779998779296875
2025-01-29,XES,79.295440673828125
2025-01-29,XLE,42.556911468505859
2025-01-29,XOP,132.9312744140625
2025-01-30,BNO,31.079999923706055
2025-01-30,OIH,274.5938720703125
2025-01-30,USO,77.75
2025-01-30,XES,79.538734436035156
2025-01-30,XLE,42.775154113769531
2025-01-30,XOP,132.25762939453125
2025-01-31,BNO,31.180000305175781
2025-01-31,OIH,272.23480224609375
2025-01-31,USO,78.019996643066406
2025-01-31,XES,77.825920104980469
2025-01-31,XLE,41.579578399658203
2025-01-31,XOP,129.11068725585938
2025-02-03,BNO,31.059999465942383
2025-02-03,OIH,271.23223876953125
2025-02-03,USO,77.819999694824219
2025-02-03,XES,76.950042724609375
2025-02-03,XLE,41.840518951416016
2025-02-03,XOP,128.87010192871094
2025-02-04,BNO,31.129999160766602
2025-02-04,OIH,278.25039672851562
2025-02-04,USO,77.510002136230469
2025-02-04,XES,79.217575073242188
2025-02-04,XLE,42.718219757080078
2025-02-04,XOP,131.99778747558594
2025-02-05,BNO,30.610000610351562
2025-02-05,OIH,280.42269897460938
2025-02-05,USO,76.089996337890625
2025-02-05,XES,79.470611572265625
2025-02-05,XLE,42.808364868164062
2025-02-05,XOP,131.80531311035156
2025-02-06,BNO,30.440000534057617
2025-02-06,OIH,272.23480224609375
2025-02-06,USO,75.449996948242188
2025-02-06,XES,77.115486145019531
2025-02-06,XLE,42.020801544189453
2025-02-06,XOP,128.87971496582031
2025-02-07,BNO,30.579999923706055
2025-02-07,OIH,270.74075317382812
2025-02-07,USO,75.860000610351562
2025-02-07,XES,76.551048278808594
2025-02-07,XLE,42.016056060791016
2025-02-07,XOP,128.23493957519531
2025-02-10,BNO,31.170000076293945
2025-02-10,OIH,278.56494140625
2025-02-10,USO,77.400001525878906
2025-02-10,XES,78.799102783203125
2025-02-10,XLE,42.941207885742188
2025-02-10,XOP,132.89279174804688
2025-02-11,BNO,31.559999465942383
2025-02-11,OIH,280.26544189453125
2025-02-11,USO,78.269996643066406
2025-02-11,XES,79.159187316894531
2025-02-11,XLE,43.287544250488281
2025-02-11,XOP,134.0379638671875
2025-02-12,BNO,30.780000686645508
2025-02-12,OIH,274.987060546875
2025-02-12,USO,76.319999694824219
2025-02-12,XES,77.232269287109375
2025-02-12,XLE,42.243782043457031
2025-02-12,XOP,129.71697998046875
2025-02-13,BNO,30.819999694824219
2025-02-13,OIH,277.23797607421875
2025-02-13,USO,76.389999389648438
2025-02-13,XES,77.991348266601562
2025-02-13,XLE,42.561660766601562
2025-02-13,XOP,130.47726440429688
2025-02-14,BNO,30.639999389648438
2025-02-14,OIH,275.24261474609375
2025-02-14,USO,75.819999694824219
2025-02-14,XES,77.709136962890625
2025-02-14,XLE,42.732452392578125
2025-02-14,XOP,131.52622985839844
2025-02-18,BNO,31.069999694824219
2025-02-18,OIH,279.82308959960938
2025-02-18,USO,76.959999084472656
2025-02-18,XES,78.906173706054688
2025-02-18,XLE,43.316009521484375
2025-02-18,XOP,133.03715515136719
2025-02-19,BNO,31.219999313354492
2025-02-19,OIH,275.58663940429688
2025-02-19,USO,77.449996948242188
2025-02-19,XES,77.31011962890625
2025-02-19,XLE,43.657596588134766
2025-02-19,XOP,134.67314147949219
2025-02-20,BNO,31.340000152587891
2025-02-20,OIH,276.30419921875
2025-02-20,USO,77.760002136230469
2025-02-20,XES,77.319854736328125
2025-02-20,XLE,44.056129455566406
2025-02-20,XOP,134.43255615234375
2025-02-21,BNO,30.430000305175781
2025-02-21,OIH,268.17526245117188
2025-02-21,USO,75.349998474121094
2025-02-21,XES,74.838226318359375
2025-02-21,XLE,43.140468597412109
2025-02-21,XOP,130.2174072265625
2025-02-24,BNO,30.639999389648438
2025-02-24,OIH,266.8778076171875
2025-02-24,USO,75.970001220703125
2025-02-24,XES,74.410011291503906
2025-02-24,XLE,43.149951934814453
2025-02-24,XOP,129.745849609375
2025-02-25,BNO,29.940000534057617
2025-02-25,OIH,262.45458984375
2025-02-25,USO,74.129997253417969
2025-02-25,XES,73.232467651367188
2025-02-25,XLE,42.528446197509766
2025-02-25,XOP,126.68553161621094
2025-02-26,BNO,29.790000915527344
2025-02-26,OIH,259.33865356445312
2025-02-26,USO,73.849998474121094
2025-02-26,XES,72.288467407226562
2025-02-26,XLE,42.286483764648438
2025-02-26,XOP,125.59807586669922
2025-02-27,BNO,30.260000228881836
2025-02-27,OIH,259.68267822265625
2025-02-27,USO,75.279998779296875
2025-02-27,XES,72.269004821777344
2025-02-27,XLE,42.514213562011719
2025-02-27,XOP,124.70307159423828
2025-02-28,BNO,30.159999847412109
2025-02-28,OIH,261.8353271484375
2025-02-28,USO,75.220001220703125
2025-02-28,XES,72.288467407226562
2025-02-28,XLE,43.173679351806641
2025-02-28,XOP,125.98301696777344
2025-03-03,BNO,29.450000762939453
2025-03-03,OIH,248.04469299316406
2025-03-03,USO,73.319999694824219
2025-03-03,XES,67.763153076171875
2025-03-03,XLE,41.664974212646484
2025-03-03,XOP,119.88162994384766
2025-03-04,BNO,29.329999923706055
2025-03-04,OIH,243.74923706054688
2025-03-04,USO,73.30999755859375
2025-03-04,XES,66.605056762695312
2025-03-04,XLE,41.261703491210938
2025-03-04,XOP,119.20797729492188
2025-03-05,BNO,28.649999618530273
2025-03-05,OIH,243.65095520019531
2025-03-05,USO,71.419998168945312
2025-03-05,XES,66.459068298339844
2025-03-05,XLE,40.659168243408203
2025-03-05,XOP,117.33135986328125
2025-03-06,BNO,28.620000839233398
2025-03-06,OIH,243.3953857421875
2025-03-06,USO,71.129997253417969
2025-03-06,XES,65.661048889160156
2025-03-06,XLE,40.782516479492188
2025-03-06,XOP,115.96480560302734
2025-03-07,BNO,29.020000457763672
2025-03-07,OIH,251.54396057128906
2025-03-07,USO,72.089996337890625
2025-03-07,XES,67.831253051757812
2025-03-07,XLE,41.479938507080078
2025-03-07,XOP,117.947265625
2025-03-10,BNO,28.579999923706055
2025-03-10,OIH,245.1646728515625
2025-03-10,USO,70.889999389648438
2025-03-10,XES,65.77783203125
2025-03-10,XLE,41.788322448730469
2025-03-10,XOP,117.92803192138672
2025-03-11,BNO,28.809999465942383
2025-03-11,OIH,244.36849975585938
2025-03-11,USO,71.449996948242188
2025-03-11,XES,66.186576843261719
2025-03-11,XLE,41.456218719482422
2025-03-11,XOP,118.52468872070312
2025-03-12,BNO,29.299999237060547
2025-03-12,OIH,245.22364807128906
2025-03-12,USO,72.800003051757812
2025-03-12,XES,66.643966674804688
2025-03-12,XLE,41.645992279052734
2025-03-12,XOP,119.75652313232422
2025-03-13,BNO,28.840000152587891
2025-03-13,OIH,242.18637084960938
2025-03-13,USO,71.620002746582031
2025-03-13,XES,65.359367370605469
2025-03-13,XLE,41.361335754394531
2025-03-13,XOP,118.03389739990234
2025-03-14,BNO,29.120000839233398
2025-03-14,OIH,249.78448486328125
2025-03-14,USO,72.279998779296875
2025-03-14,XES,67.587966918945312
2025-03-14,XLE,42.585376739501953
2025-03-14,XOP,122.15280914306641
2025-03-17,BNO,29.340000152587891
2025-03-17,OIH,253.35255432128906
2025-03-17,USO,72.709999084472656
2025-03-17,XES,68.473579406738281
2025-03-17,XLE,43.263816833496094
2025-03-17,XOP,124.63570404052734
2025-03-18,BNO,29.180000305175781
2025-03-18,OIH,253.52947998046875
2025-03-18,USO,72.209999084472656
2025-03-18,XES,68.668212890625
2025-03-18,XLE,43.334983825683594
2025-03-18,XOP,125.376708984375
2025-03-19,BNO,29.280000686645508
2025-03-19,OIH,256.42916870117188
2025-03-19,USO,72.419998168945312
2025-03-19,XES,69.894416809082031
2025-03-19,XLE,44.041896820068359
2025-03-19,XOP,128.34078979492188
2025-03-20,BNO,29.770000457763672
2025-03-20,OIH,257.27447509765625
2025-03-20,USO,73.730003356933594
2025-03-20,XES,70.011207580566406
2025-03-20,XLE,44.203205108642578
2025-03-20,XOP,128.2156982421875
2025-03-21,BNO,29.780000686645508
2025-03-21,OIH,254.58123779296875
2025-03-21,USO,73.790000915527344
2025-03-21,XES,69.154800415039062
2025-03-21,XLE,43.894821166992188
2025-03-21,XOP,126.41606903076172
2025-03-24,BNO,30.180000305175781
2025-03-24,OIH,259.2010498046875
2025-03-24,USO,74.879997253417969
2025-03-24,XES,70.800163269042969
2025-03-24,XLE,44.394947052001953
2025-03-24,XOP,128.25617980957031
2025-03-25,BNO,30.170000076293945
2025-03-25,OIH,261.32418823242188
2025-03-25,USO,74.819999694824219
2025-03-25,XES,71.122772216796875
2025-03-25,XLE,44.576644897460938
2025-03-25,XOP,128.29489135742188
2025-03-26,BNO,30.430000305175781
2025-03-26,OIH,262.24813842773438
2025-03-26,USO,75.419998168945312
2025-03-26,XES,71.337852478027344
2025-03-26,XLE,44.839622497558594
2025-03-26,XOP,128.88534545898438
2025-03-27,BNO,30.459999084472656
2025-03-27,OIH,260.2921142578125
2025-03-27,USO,75.480003356933594
2025-03-27,XES,71.054351806640625
2025-03-27,XLE,44.404518127441406
2025-03-27,XOP,127.59796142578125
2025-03-28,BNO,30.180000305175781
2025-03-28,OIH,256.90093994140625
2025-03-28,USO,74.769996643066406
2025-03-28,XES,69.744308471679688
2025-03-28,XLE,44.194137573242188
2025-03-28,XOP,126.49446868896484
2025-03-31,BNO,31.110000610351562
2025-03-31,OIH,257.64801025390625
2025-03-31,USO,77.330001831054688
2025-03-31,XES,69.763870239257812
2025-03-31,XLE,44.681835174560547
2025-03-31,XOP,127.49150085449219
2025-04-01,BNO,31.020000457763672
2025-04-01,OIH,261.56991577148438
2025-04-01,USO,77.080001831054688
2025-04-01,XES,70.780609130859375
2025-04-01,XLE,44.944812774658203
2025-04-01,XOP,128.20779418945312
2025-04-02,BNO,31.270000457763672
2025-04-02,OIH,261.7763671875
2025-04-02,USO,77.739997863769531
2025-04-02,XES,71.269416809082031
2025-04-02,XLE,45.006965637207031
2025-04-02,XOP,129.46614074707031
2025-04-03,BNO,29.139999389648438
2025-04-03,OIH,232.78947448730469
2025-04-03,USO,72.25
2025-04-03,XES,62.060123443603516
2025-04-03,XLE,41.473541259765625
2025-04-03,XOP,115.63383483886719
2025-04-04,BNO,27.600000381469727
2025-04-04,OIH,204.22526550292969
2025-04-04,USO,67.919998168945312
2025-04-04,XES,54.395481109619141
2025-04-04,XLE,37.658012390136719
2025-04-04,XOP,103.29220581054688
2025-04-07,BNO,26.829999923706055
2025-04-07,OIH,202.57391357421875
2025-04-07,USO,65.980003356933594
2025-04-07,XES,54.434585571289062
2025-04-07,XLE,37.414165496826172
2025-04-07,XOP,102.84694671630859
2025-04-08,BNO,25.790000915527344
2025-04-08,OIH,193.36378479003906
2025-04-08,USO,63.340000152587891
2025-04-08,XES,51.658107757568359
2025-04-08,XLE,36.548736572265625
2025-04-08,XOP,98.645942687988281
2025-04-09,BNO,27.309999465942383
2025-04-09,OIH,218.37957763671875
2025-04-09,USO,67.580001831054688
2025-04-09,XES,58.706844329833984
2025-04-09,XLE,39.379306793212891
2025-04-09,XOP,110.0970458984375
2025-04-10,BNO,26.530000686645508
2025-04-10,OIH,199.22209167480469
2025-04-10,USO,65.319999694824219
2025-04-10,XES,53.515609741210938
2025-04-10,XLE,36.806930541992188
2025-04-10,XOP,101.04651641845703
2025-04-11,BNO,26.969999313354492
2025-04-11,OIH,206.70225524902344
2025-04-11,USO,66.459999084472656
2025-04-11,XES,55.324230194091797
2025-04-11,XLE,37.720165252685547
2025-04-11,XOP,104.12464904785156
2025-04-14,BNO,27.110000610351562
2025-04-14,OIH,207.00698852539062
2025-04-14,USO,66.660003662109375
2025-04-14,XES,55.363338470458984
2025-04-14,XLE,37.854045867919922
2025-04-14,XOP,104.04722595214844
2025-04-15,BNO,27.040000915527344
2025-04-15,OIH,206.69244384765625
2025-04-15,USO,66.480003356933594
2025-04-15,XES,55.255802154541016
2025-04-15,XLE,37.796672821044922
2025-04-15,XOP,103.52452087402344
2025-04-16,BNO,27.559999465942383
2025-04-16,OIH,207.70486450195312
2025-04-16,USO,67.75
2025-04-16,XES,55.607746124267578
2025-04-16,XLE,38.107456207275391
2025-04-16,XOP,105.40238952636719
2025-04-17,BNO,28.190000534057617
2025-04-17,OIH,215.10639953613281
2025-04-17,USO,69.480003356933594
2025-04-17,XES,57.807422637939453
2025-04-17,XLE,38.968109130859375
2025-04-17,XOP,108.34500885009766
2025-04-21,BNO,27.809999465942383
2025-04-21,OIH,209.34637451171875
2025-04-21,USO,68.620002746582031
2025-04-21,XES,55.734836578369141
2025-04-21,XLE,37.949676513671875
2025-04-21,XOP,105.07327270507812
2025-04-22,BNO,28.079999923706055
2025-04-22,OIH,209.97544860839844
2025-04-22,USO,69.370002746582031
2025-04-22,XES,56.125888824462891
2025-04-22,XLE,38.915512084960938
2025-04-22,XOP,107.65776824951172
2025-04-23,BNO,27.590000152587891
2025-04-23,OIH,206.14199829101562
2025-04-23,USO,68.050003051757812
2025-04-23,XES,55.725063323974609
2025-04-23,XLE,38.843788146972656
2025-04-23,XOP,108.01588439941406
2025-04-24,BNO,27.739999771118164
2025-04-24,OIH,212.26570129394531
2025-04-24,USO,68.459999084472656
2025-04-24,XES,57.660774230957031
2025-04-24,XLE,39.465370178222656
2025-04-24,XOP,109.15811157226562
2025-04-25,BNO,27.899999618530273
2025-04-25,OIH,212.59007263183594
2025-04-25,USO,69.029998779296875
2025-04-25,XES,57.826969146728516
2025-04-25,XLE,39.393646240234375
2025-04-25,XOP,109.74856567382812
2025-04-28,BNO,27.399999618530273
2025-04-28,OIH,211.09600830078125
2025-04-28,USO,67.760002136230469
2025-04-28,XES,57.778083801269531
2025-04-28,XLE,39.670967102050781
2025-04-28,XOP,111.02629089355469
2025-04-29,BNO,26.760000228881836
2025-04-29,OIH,211.75456237792969
2025-04-29,USO,65.849998474121094
2025-04-29,XES,58.022495269775391
2025-04-29,XLE,39.556217193603516
2025-04-29,XOP,110.26160430908203
2025-04-30,BNO,25.829999923706055
2025-04-30,OIH,205.49325561523438
2025-04-30,USO,63.560001373291016
2025-04-30,XES,55.959697723388672
2025-04-30,XLE,38.489971160888672
2025-04-30,XOP,107.16409301757812
2025-05-01,BNO,26.209999084472656
2025-05-01,OIH,211.11566162109375
2025-05-01,USO,64.519996643066406
2025-05-01,XES,58.1007080078125
2025-05-01,XLE,38.633411407470703
2025-05-01,XOP,109.09035491943359
2025-05-02,BNO,26.079999923706055
2025-05-02,OIH,216.6004638671875
2025-05-02,USO,64.010002136230469
2025-05-02,XES,59.713802337646484
2025-05-02,XLE,39.197612762451172
2025-05-02,XOP,111.26828002929688
2025-05-05,BNO,25.489999771118164
2025-05-05,OIH,211.39088439941406
2025-05-05,USO,62.369998931884766
2025-05-05,XES,57.885627746582031
2025-05-05,XLE,38.489971160888672
2025-05-05,XOP,109.34202575683594
2025-05-06,BNO,26.329999923706055
2025-05-06,OIH,211.3712158203125
2025-05-06,USO,64.599998474121094
2025-05-06,XES,57.944290161132812
2025-05-06,XLE,38.499530792236328
2025-05-06,XOP,109.51625823974609
2025-05-07,BNO,25.889999389648438
2025-05-07,OIH,209.55279541015625
2025-05-07,USO,63.509998321533203
2025-05-07,XES,57.142631530761719
2025-05-07,XLE,38.513877868652344
2025-05-07,XOP,109.66144561767578
2025-05-08,BNO,26.670000076293945
2025-05-08,OIH,215.60769653320312
2025-05-08,USO,65.599998474121094
2025-05-08,XES,59.097892761230469
2025-05-08,XLE,39.020702362060547
2025-05-08,XOP,113.25263214111328
2025-05-09,BNO,27.040000915527344
2025-05-09,OIH,218.08470153808594
2025-05-09,USO,66.610000610351562
2025-05-09,XES,59.821338653564453
2025-05-09,XLE,39.412773132324219
2025-05-09,XOP,115.03369140625
2025-05-12,BNO,27.479999542236328
2025-05-12,OIH,226.67559814453125
2025-05-12,USO,67.599998474121094
2025-05-12,XES,62.372962951660156
2025-05-12,XLE,40.440769195556641
2025-05-12,XOP,119.32180786132812
2025-05-13,BNO,28.200000762939453
2025-05-13,OIH,227.55039978027344
2025-05-13,USO,69.589996337890625
2025-05-13,XES,62.50982666015625
2025-05-13,XLE,41.009742736816406
2025-05-13,XOP,123.27113342285156
2025-05-14,BNO,27.870000839233398
2025-05-14,OIH,227.90426635742188
2025-05-14,USO,68.730003356933594
2025-05-14,XES,62.5587158203125
2025-05-14,XLE,40.761116027832031
2025-05-14,XOP,122.67098999023438
2025-05-15,BNO,27.420000076293945
2025-05-15,OIH,225.1422119140625
2025-05-15,USO,67.589996337890625
2025-05-15,XES,61.629962921142578
2025-05-15,XLE,40.933250427246094
2025-05-15,XOP,121.54814147949219
2025-05-16,BNO,27.670000076293945
2025-05-16,OIH,224.36567687988281
2025-05-16,USO,68.099998474121094
2025-05-16,XES,61.317119598388672
2025-05-16,XLE,40.871089935302734
2025-05-16,XOP,121.43198394775391
2025-05-19,BNO,27.780000686645508
2025-05-19,OIH,221.06300354003906
2025-05-19,USO,68.510002136230469
2025-05-19,XES,60.290599822998047
2025-05-19,XLE,40.340362548828125
2025-05-19,XOP,120.18330383300781
2025-05-20,BNO,27.829999923706055
2025-05-20,OIH,218.89071655273438
2025-05-20,USO,68.660003662109375
2025-05-20,XES,59.919113159179688
2025-05-20,XLE,39.9674072265625
2025-05-20,XOP,119.55412292480469
2025-05-21,BNO,27.459999084472656
2025-05-21,OIH,212.54092407226562
2025-05-21,USO,67.589996337890625
2025-05-21,XES,57.924732208251953
2025-05-21,XLE,39.231086730957031
2025-05-21,XOP,116.93092346191406
2025-05-22,BNO,27.229999542236328
2025-05-22,OIH,212.39349365234375
2025-05-22,USO,67.139999389648438
2025-05-22,XES,58.335342407226562
2025-05-22,XLE,39.078079223632812
2025-05-22,XOP,116.86316680908203
2025-05-23,BNO,27.540000915527344
2025-05-23,OIH,212.57040405273438
2025-05-23,USO,67.989997863769531
2025-05-23,XES,58.560199737548828
2025-05-23,XLE,39.202388763427734
2025-05-23,XOP,116.96963500976562
2025-05-27,BNO,27.270000457763672
2025-05-27,OIH,216.23678588867188
2025-05-27,USO,67.279998779296875
2025-05-27,XES,59.889778137207031
2025-05-27,XLE,39.541866302490234
2025-05-27,XOP,118.81846618652344
2025-05-28,BNO,27.440000534057617
2025-05-28,OIH,215.03759765625
2025-05-28,USO,67.889999389648438
2025-05-28,XES,59.537830352783203
2025-05-28,XLE,39.039825439453125
2025-05-28,XOP,116.77604675292969
2025-05-29,BNO,27.139999389648438
2025-05-29,OIH,217.485107421875
2025-05-29,USO,67.19000244140625
2025-05-29,XES,59.987545013427734
2025-05-29,XLE,39.331493377685547
2025-05-29,XOP,117.29874420166016
2025-05-30,BNO,26.930000305175781
2025-05-30,OIH,212.94392395019531
2025-05-30,USO,67.150001525878906
2025-05-30,XES,58.618850708007812
2025-05-30,XLE,38.982448577880859
2025-05-30,XOP,115.72096252441406
2025-06-02,BNO,27.909999847412109
2025-06-02,OIH,216.55131530761719
2025-06-02,USO,69.550003051757812
2025-06-02,XES,59.60626220703125
2025-06-02,XLE,39.494056701660156
2025-06-02,XOP,117.24068450927734
2025-06-03,BNO,28.110000610351562
2025-06-03,OIH,223.48103332519531
2025-06-03,USO,69.889999389648438
2025-06-03,XES,62.167655944824219
2025-06-03,XLE,39.962635040283203
2025-06-03,XOP,119.67996215820312
2025-06-04,BNO,27.809999465942383
2025-06-04,OIH,220.5518798828125
2025-06-04,USO,69.339996337890625
2025-06-04,XES,61.209583282470703
2025-06-04,XLE,39.183265686035156
2025-06-04,XOP,116.74700164794922
2025-06-05,BNO,27.989999771118164
2025-06-05,OIH,220.5322265625
2025-06-05,USO,69.930000305175781
2025-06-05,XES,61.307342529296875
2025-06-05,XLE,39.145015716552734
2025-06-05,XOP,116.45660400390625
2025-06-06,BNO,28.520000457763672
2025-06-06,OIH,225.95805358886719
2025-06-06,USO,71.379997253417969
2025-06-06,XES,63.145290374755859
2025-06-06,XLE,39.88134765625
2025-06-06,XOP,119.28308868408203
2025-06-09,BNO,28.739999771118164
2025-06-09,OIH,229.51628112792969
2025-06-09,USO,72.050003051757812
2025-06-09,XES,63.937175750732422
2025-06-09,XLE,39.957847595214844
2025-06-09,XOP,120.28977966308594
2025-06-10,BNO,28.610000610351562
2025-06-10,OIH,237.30116271972656
2025-06-10,USO,71.599998474121094
2025-06-10,XES,65.452499389648438
2025-06-10,XLE,40.670272827148438
2025-06-10,XOP,122.0611572265625
2025-06-11,BNO,29.809999465942383
2025-06-11,OIH,240.29913330078125
2025-06-11,USO,74.819999694824219
2025-06-11,XES,66.527908325195312
2025-06-11,XLE,41.258380889892578
2025-06-11,XOP,124.38430786132812
2025-06-12,BNO,29.840000152587891
2025-06-12,OIH,239.54226684570312
2025-06-12,USO,75.050003051757812
2025-06-12,XES,66.498565673828125
2025-06-12,XLE,41.401821136474609
2025-06-12,XOP,125.18772125244141
2025-06-13,BNO,31.860000610351562
2025-06-13,OIH,243.1693115234375
2025-06-13,USO,80.220001220703125
2025-06-13,XES,67.407760620117188
2025-06-13,XLE,42.123805999755859
2025-06-13,XOP,128.52720642089844
2025-06-16,BNO,31.299999237060547
2025-06-16,OIH,241.53762817382812
2025-06-16,USO,78.589996337890625
2025-06-16,XES,67.016716003417969
2025-06-16,XLE,41.999488830566406
2025-06-16,XOP,128.83695983886719
2025-06-17,BNO,32.759998321533203
2025-06-17,OIH,243.31674194335938
2025-06-17,USO,82.300003051757812
2025-06-17,XES,67.495758056640625
2025-06-17,XLE,42.391563415527344
2025-06-17,XOP,130.51155090332031
2025-06-18,BNO,32.740001678466797
2025-06-18,OIH,240.515380859375
2025-06-18,USO,82.269996643066406
2025-06-18,XES,66.723426818847656
2025-06-18,XLE,42.114242553710938
2025-06-18,XOP,129.5726318359375
2025-06-20,BNO,33.119998931884766
2025-06-20,OIH,238.72642517089844
2025-06-20,USO,83.120002746582031
2025-06-20,XES,65.999992370605469
2025-06-20,XLE,42.544567108154297
2025-06-20,XOP,130.24052429199219
2025-06-23,BNO,30.649999618530273
2025-06-23,OIH,228.01239013671875
2025-06-23,USO,76.410003662109375
2025-06-23,XES,63.082366943359375
2025-06-23,XLE,41.468685150146484
2025-06-23,XOP,125.53117370605469
2025-06-24,BNO,29.209999084472656
2025-06-24,OIH,226.87217712402344
2025-06-24,USO,73
2025-06-24,XES,62.974193572998047
2025-06-24,XLE,40.928817749023438
2025-06-24,XOP,124.63562774658203
2025-06-25,BNO,29.190000534057617
2025-06-25,OIH,223.76608276367188
2025-06-25,USO,73.30999755859375
2025-06-25,XES,61.83349609375
2025-06-25,XLE,40.750461578369141
2025-06-25,XOP,122.78614044189453
2025-06-26,BNO,29.309999465942383
2025-06-26,OIH,227.66835021972656
2025-06-26,USO,73.589996337890625
2025-06-26,XES,63.052860260009766
2025-06-26,XLE,41.333713531494141
2025-06-26,XOP,124.38253021240234
2025-06-27,BNO,29.110000610351562
2025-06-27,OIH,227.22602844238281
2025-06-27,USO,73.279998779296875
2025-06-27,XES,62.620182037353516
2025-06-27,XLE,41.116809844970703
2025-06-27,XOP,123.81794738769531
2025-06-30,BNO,29.190000534057617
2025-06-30,OIH,226.36103820800781
2025-06-30,USO,73.110000610351562
2025-06-30,XES,62.384174346923828
2025-06-30,XLE,40.880611419677734
2025-06-30,XOP,122.45518493652344
2025-07-01,BNO,29.510000228881836
2025-07-01,OIH,232.89759826660156
2025-07-01,USO,73.930000305175781
2025-07-01,XES,64.124710083007812
2025-07-01,XLE,41.193927764892578
2025-07-01,XOP,123.50646209716797
2025-07-02,BNO,30.200000762939453
2025-07-02,OIH,238.82472229003906
2025-07-02,USO,75.589996337890625
2025-07-02,XES,65.757102966308594
2025-07-02,XLE,41.902507781982422
2025-07-02,XOP,125.8426513671875
2025-07-03,BNO,30.079999923706055
2025-07-03,OIH,237.45843505859375
2025-07-03,USO,75.19000244140625
2025-07-03,XES,65.432579040527344
2025-07-03,XLE,41.950710296630859
2025-07-03,XOP,125.73558044433594
2025-07-07,BNO,30.520000457763672
2025-07-07,OIH,234.32286071777344
2025-07-07,USO,76.480003356933594
2025-07-07,XES,64.301719665527344
2025-07-07,XLE,41.545806884765625
2025-07-07,XOP,124.35333251953125
2025-07-08,BNO,30.75
2025-07-08,OIH,245.56768798828125
2025-07-08,USO,76.959999084472656
2025-07-08,XES,67.694297790527344
2025-07-08,XLE,42.664112091064453
2025-07-08,XOP,128.30537414550781
2025-07-09,BNO,30.719999313354492
2025-07-09,OIH,243.70008850097656
2025-07-09,USO,76.930000305175781
2025-07-09,XES,66.986289978027344
2025-07-09,XLE,42.447193145751953
2025-07-09,XOP,127.23463439941406
2025-07-10,BNO,30.200000762939453
2025-07-10,OIH,245.72496032714844
2025-07-10,USO,75.389999389648438
2025-07-10,XES,67.556617736816406
2025-07-10,XLE,42.770153045654297
2025-07-10,XOP,128.77259826660156
2025-07-11,BNO,30.950000762939453
2025-07-11,OIH,247.92672729492188
2025-07-11,USO,77.290000915527344
2025-07-11,XES,67.733634948730469
2025-07-11,XLE,42.962966918945312
2025-07-11,XOP,129.53189086914062
2025-07-14,BNO,30.340000152587891
2025-07-14,OIH,240.43673706054688
2025-07-14,USO,75.620002746582031
2025-07-14,XES,65.796432495117188
2025-07-14,XLE,42.490585327148438
2025-07-14,XOP,128.17881774902344
2025-07-15,BNO,30.200000762939453
2025-07-15,OIH,232.77964782714844
2025-07-15,USO,75.260002136230469
2025-07-15,XES,63.623199462890625
2025-07-15,XLE,41.878402709960938
2025-07-15,XOP,125.41435241699219
2025-07-16,BNO,30.159999847412109
2025-07-16,OIH,229.02481079101562
2025-07-16,USO,75.19000244140625
2025-07-16,XES,62.374343872070312
2025-07-16,XLE,41.516883850097656
2025-07-16,XOP,123.37017822265625
2025-07-17,BNO,30.520000457763672
2025-07-17,OIH,232.00311279296875
2025-07-17,USO,76.160003662109375
2025-07-17,XES,63.564212799072266
2025-07-17,XLE,41.772357940673828
2025-07-17,XOP,125.78424835205078
2025-07-18,BNO,30.399999618530273
2025-07-18,OIH,229.39833068847656
2025-07-18,USO,75.930000305175781
2025-07-18,XES,63.111862182617188
2025-07-18,XLE,41.4349365234375
2025-07-18,XOP,125.96919250488281
2025-07-21,BNO,30.319999694824219
2025-07-21,OIH,228.88720703125
2025-07-21,USO,75.589996337890625
2025-07-21,XES,62.659519195556641
2025-07-21,XLE,41.005935668945312
2025-07-21,XOP,122.81533813476562
2025-07-22,BNO,30.209999084472656
2025-07-22,OIH,234.03781127929688
2025-07-22,USO,75.349998474121094
2025-07-22,XES,63.928050994873047
2025-07-22,XLE,41.198749542236328
2025-07-22,XOP,124.17812347412109
2025-07-23,BNO,30.219999313354492
2025-07-23,OIH,246.63908386230469
2025-07-23,USO,75.279998779296875
2025-07-23,XES,67.3992919921875
2025-07-23,XLE,41.844661712646484
2025-07-23,XOP,125.04445648193359
2025-07-24,BNO,30.469999313354492
2025-07-24,OIH,248.72291564941406
2025-07-24,USO,76.089996337890625
2025-07-24,XES,68.058135986328125
2025-07-24,XLE,42.143520355224609
2025-07-24,XOP,125.36566925048828
2025-07-25,BNO,30.030000686645508
2025-07-25,OIH,247.87757873535156
2025-07-25,USO,74.849998474121094
2025-07-25,XES,67.340286254882812
2025-07-25,XLE,41.984455108642578
2025-07-25,XOP,124.61616516113281
2025-07-28,BNO,30.979999542236328
2025-07-28,OIH,252.26150512695312
2025-07-28,USO,77.169998168945312
2025-07-28,XES,68.638336181640625
2025-07-28,XLE,42.461654663085938
2025-07-28,XOP,127.44878387451172
2025-07-29,BNO,31.959999084472656
2025-07-29,OIH,251.24906921386719
2025-07-29,USO,79.800003051757812
2025-07-29,XES,68.598991394042969
2025-07-29,XLE,42.876201629638672
2025-07-29,XOP,128.27618408203125
2025-07-30,BNO,32.380001068115234
2025-07-30,OIH,244.10310363769531
2025-07-30,USO,81.040000915527344
2025-07-30,XES,66.769950866699219
2025-07-30,XLE,42.264026641845703
2025-07-30,XOP,126.25148773193359
2025-07-31,BNO,31.840000152587891
2025-07-31,OIH,239.56192016601562
2025-07-31,USO,79.589996337890625
2025-07-31,XES,65.64892578125
2025-07-31,XLE,42.037471771240234
2025-07-31,XOP,124.74269866943359
2025-08-01,BNO,30.940000534057617
2025-08-01,OIH,231.01036071777344
2025-08-01,USO,77.459999084472656
2025-08-01,XES,62.797187805175781
2025-08-01,XLE,41.256591796875
2025-08-01,XOP,120.41101837158203
2025-08-04,BNO,30.510000228881836
2025-08-04,OIH,231.786865234375
2025-08-04,USO,76.110000610351562
2025-08-04,XES,63.259365081787109
2025-08-04,XLE,41.165008544921875
2025-08-04,XOP,120.79064178466797
2025-08-05,BNO,30.100000381469727
2025-08-05,OIH,237.8614501953125
2025-08-05,USO,75.019996643066406
2025-08-05,XES,65.176910400390625
2025-08-05,XLE,41.218032836914062
2025-08-05,XOP,121.71538543701172
2025-08-06,BNO,29.659999847412109
2025-08-06,OIH,234.87330627441406
2025-08-06,USO,73.790000915527344
2025-08-06,XES,64.606559753417969
2025-08-06,XLE,40.837230682373047
2025-08-06,XOP,120.42074584960938
2025-08-07,BNO,29.5
2025-08-07,OIH,231.7672119140625
2025-08-07,USO,73.419998168945312
2025-08-07,XES,63.721549987792969
2025-08-07,XLE,40.678165435791016
2025-08-07,XOP,119.2818603515625
2025-08-08,BNO,29.549999237060547
2025-08-08,OIH,233.45787048339844
2025-08-08,USO,73.300003051757812
2025-08-08,XES,64.262374877929688
2025-08-08,XLE,40.938457489013672
2025-08-08,XOP,119.71988677978516
2025-08-11,BNO,29.700000762939453
2025-08-11,OIH,229.62440490722656
2025-08-11,USO,73.800003051757812
2025-08-11,XES,63.357696533203125
2025-08-11,XLE,40.610679626464844
2025-08-11,XOP,118.57126617431641
2025-08-12,BNO,29.450000762939453
2025-08-12,OIH,233.17282104492188
2025-08-12,USO,72.949996948242188
2025-08-12,XES,64.813072204589844
2025-08-12,XLE,40.808307647705078
2025-08-12,XOP,119.99243927001953
2025-08-13,BNO,29.290000915527344
2025-08-13,OIH,236.25924682617188
2025-08-13,USO,72.459999084472656
2025-08-13,XES,65.363746643066406
2025-08-13,XLE,41.280696868896484
2025-08-13,XOP,121.60831451416016
2025-08-14,BNO,29.819999694824219
2025-08-14,OIH,235.54170227050781
2025-08-14,USO,73.739997863769531
2025-08-14,XES,65.049087524414062
2025-08-14,XLE,41.242130279541016
2025-08-14,XOP,121.82246398925781
2025-08-15,BNO,29.450000762939453
2025-08-15,OIH,232.62237548828125
2025-08-15,USO,72.800003051757812
2025-08-15,XES,64.232887268066406
2025-08-15,XLE,41.242130279541016
2025-08-15,XOP,121.20921325683594
2025-08-18,BNO,29.659999847412109
2025-08-18,OIH,234.94210815429688
2025-08-18,USO,73.169998168945312
2025-08-18,XES,64.881904602050781
2025-08-18,XLE,40.996303558349609
2025-08-18,XOP,120.19686126708984
2025-08-19,BNO,29.370000839233398
2025-08-19,OIH,233.59547424316406
2025-08-19,USO,72.300003051757812
2025-08-19,XES,64.203392028808594
2025-08-19,XLE,41.010757446289062
2025-08-19,XOP,119.65174102783203
2025-08-20,BNO,29.840000152587891
2025-08-20,OIH,232.47492980957031
2025-08-20,USO,73.519996643066406
2025-08-20,XES,64.193557739257812
2025-08-20,XLE,41.353000640869141
2025-08-20,XOP,120.81011962890625
2025-08-21,BNO,30.110000610351562
2025-08-21,OIH,236.04299926757812
2025-08-21,USO,74.129997253417969
2025-08-21,XES,65.029411315917969
2025-08-21,XLE,41.637393951416016
2025-08-21,XOP,121.05347442626953
2025-08-22,BNO,30.260000228881836
2025-08-22,OIH,247.88742065429688
2025-08-22,USO,74.639999389648438
2025-08-22,XES,68.294143676757812
2025-08-22,XLE,42.485759735107422
2025-08-22,XOP,125.2001953125
2025-08-25,BNO,30.649999618530273
2025-08-25,OIH,247.60235595703125
2025-08-25,USO,75.75
2025-08-25,XES,67.940132141113281
2025-08-25,XLE,42.596626281738281
2025-08-25,XOP,126.50458526611328
2025-08-26,BNO,30.010000228881836
2025-08-26,OIH,244.87962341308594
2025-08-26,USO,74.050003051757812
2025-08-26,XES,67.369804382324219
2025-08-26,XLE,42.529144287109375
2025-08-26,XOP,126.09573364257812
2025-08-27,BNO,30.200000762939453
2025-08-27,OIH,249.18489074707031
2025-08-27,USO,74.680000305175781
2025-08-27,XES,68.697341918945312
2025-08-27,XLE,43.00634765625
2025-08-27,XOP,127.90625762939453
2025-08-28,BNO,30.430000305175781
2025-08-28,OIH,251.74052429199219
2025-08-28,USO,75.239997863769531
2025-08-28,XES,69.29718017578125
2025-08-28,XLE,43.334125518798828
2025-08-28,XOP,129.24960327148438
2025-08-29,BNO,30.319999694824219
2025-08-29,OIH,252.46792602539062
2025-08-29,USO,74.839996337890625
2025-08-29,XES,69.47418212890625
2025-08-29,XLE,43.5703125
2025-08-29,XOP,129.47348022460938
2025-09-02,BNO,31.100000381469727
2025-09-02,OIH,250.38407897949219
2025-09-02,USO,76.760002136230469
2025-09-02,XES,68.96282958984375
2025-09-02,XLE,43.632976531982422
2025-09-02,XOP,130.99198913574219
2025-09-03,BNO,30.379999160766602
2025-09-03,OIH,245.56768798828125
2025-09-03,USO,74.830001831054688
2025-09-03,XES,67.507461547851562
2025-09-03,XLE,42.654464721679688
2025-09-03,XOP,127.36116790771484
2025-09-04,BNO,30.069999694824219
2025-09-04,OIH,253.44102478027344
2025-09-04,USO,74.180000305175781
2025-09-04,XES,69.513511657714844
2025-09-04,XLE,42.938865661621094
2025-09-04,XOP,128.73368835449219
2025-09-05,BNO,29.540000915527344
2025-09-05,OIH,250.77726745605469
2025-09-05,USO,72.629997253417969
2025-09-05,XES,68.657997131347656
2025-09-05,XLE,42.109783172607422
2025-09-05,XOP,126.19307708740234
2025-09-08,BNO,29.729999542236328
2025-09-08,OIH,250.92469787597656
2025-09-08,USO,73.040000915527344
2025-09-08,XES,68.441650390625
2025-09-08,XLE,42.013374328613281
2025-09-08,XOP,125.26834106445312
2025-09-09,BNO,29.879999160766602
2025-09-09,OIH,249.67636108398438
2025-09-09,USO,73.389999389648438
2025-09-09,XES,67.92047119140625
2025-09-09,XLE,42.215827941894531
2025-09-09,XOP,125.59930419921875
2025-09-10,BNO,30.430000305175781
2025-09-10,OIH,255.63298034667969
2025-09-10,USO,74.709999084472656
2025-09-10,XES,69.788848876953125
2025-09-10,XLE,42.953323364257812
2025-09-10,XOP,128.26646423339844
2025-09-11,BNO,29.809999465942383
2025-09-11,OIH,255.73129272460938
2025-09-11,USO,73
2025-09-11,XES,70.182205200195312
2025-09-11,XLE,42.962966918945312
2025-09-11,XOP,127.87706756591797
2025-09-12,BNO,30.069999694824219
2025-09-12,OIH,253.22477722167969
2025-09-12,USO,73.30999755859375
2025-09-12,XES,69.326683044433594
2025-09-12,XLE,42.707489013671875
2025-09-12,XOP,126.67005157470703
2025-09-15,BNO,30.360000610351562
2025-09-15,OIH,250.67897033691406
2025-09-15,USO,74.230003356933594
2025-09-15,XES,69.021835327148438
2025-09-15,XLE,42.562885284423828
2025-09-15,XOP,125.90103912353516
2025-09-16,BNO,30.840000152587891
2025-09-16,OIH,255.77058410644531
2025-09-16,USO,75.669998168945312
2025-09-16,XES,70.378868103027344
2025-09-16,XLE,43.276279449462891
2025-09-16,XOP,129.87257385253906
2025-09-17,BNO,30.549999237060547
2025-09-17,OIH,252.03543090820312
2025-09-17,USO,74.970001220703125
2025-09-17,XES,69.543006896972656
2025-09-17,XLE,43.37750244140625
2025-09-17,XOP,129.78498840332031
2025-09-18,BNO,30.399999618530273
2025-09-18,OIH,253.96197509765625
2025-09-18,USO,74.69000244140625
2025-09-18,XES,70.683708190917969
2025-09-18,XLE,43.242534637451172
2025-09-18,XOP,129.3858642578125
2025-09-19,BNO,29.959999084472656
2025-09-19,OIH,250.17767333984375
2025-09-19,USO,73.519996643066406
2025-09-19,XES,69.120170593261719
2025-09-19,XLE,42.668926239013672
2025-09-19,XOP,126.64086151123047
2025-09-22,BNO,29.950000762939453
2025-09-22,OIH,250.47254943847656
2025-09-22,USO,73.449996948242188
2025-09-22,XES,70.008743286132812
2025-09-22,XLE,42.619827270507812
2025-09-22,XOP,127.59246063232422
2025-09-23,BNO,30.540000915527344
2025-09-23,OIH,257.31381225585938
2025-09-23,USO,75.050003051757812
2025-09-23,XES,71.906486511230469
2025-09-23,XLE,43.353897094726562
2025-09-23,XOP,130.58163452148438
2025-09-24,BNO,31.010000228881836
2025-09-24,OIH,259.11257934570312
2025-09-24,USO,76.389999389648438
2025-09-24,XES,72.598365783691406
2025-09-24,XLE,43.917812347412109
2025-09-24,XOP,132.58091735839844
2025-09-25,BNO,31.25
2025-09-25,OIH,258.75872802734375
2025-09-25,USO,76.989997863769531
2025-09-25,XES,72.519309997558594
2025-09-25,XLE,44.311592102050781
2025-09-25,XOP,133.374755859375
2025-09-26,BNO,31.239999771118164
2025-09-26,OIH,263.43753051757812
2025-09-26,USO,77.019996643066406
2025-09-26,XES,73.665847778320312
2025-09-26,XLE,44.719947814941406
2025-09-26,XOP,134.50181579589844
2025-09-29,BNO,30.340000152587891
2025-09-29,OIH,260.085693359375
2025-09-29,USO,74.589996337890625
2025-09-29,XES,72.519309997558594
2025-09-29,XLE,43.898372650146484
2025-09-29,XOP,130.83644104003906
2025-09-30,BNO,30.049999237060547
2025-09-30,OIH,255.4757080078125
2025-09-30,USO,73.75
2025-09-30,XES,71.511116027832031
2025-09-30,XLE,43.431678771972656
2025-09-30,XOP,129.56236267089844
2025-10-01,BNO,29.770000457763672
2025-10-01,OIH,260.26263427734375
2025-10-01,USO,73.139999389648438
2025-10-01,XES,72.885002136230469
2025-10-01,XLE,43.431678771972656
2025-10-01,XOP,131.80668640136719
2025-10-02,BNO,29.200000762939453
2025-10-02,OIH,255.76077270507812
2025-10-02,USO,71.540000915527344
2025-10-02,XES,71.629730224609375
2025-10-02,XLE,42.994155883789062
2025-10-02,XOP,129.23893737792969
2025-10-03,BNO,29.280000686645508
2025-10-03,OIH,258.24761962890625
2025-10-03,USO,71.709999084472656
2025-10-03,XES,72.479766845703125
2025-10-03,XLE,43.222644805908203
2025-10-03,XOP,130.53260803222656
2025-10-06,BNO,29.790000915527344
2025-10-06,OIH,260.7835693359375
2025-10-06,USO,72.870002746582031
2025-10-06,XES,73.013504028320312
2025-10-06,XLE,43.436538696289062
2025-10-06,XOP,131.47344970703125
2025-10-07,BNO,29.899999618530273
2025-10-07,OIH,259.49594116210938
2025-10-07,USO,73.199996948242188
2025-10-07,XES,72.815811157226562
2025-10-07,XLE,43.504600524902344
2025-10-07,XOP,131.06184387207031
2025-10-08,BNO,30.069999694824219
2025-10-08,OIH,258.41470336914062
2025-10-08,USO,73.529998779296875
2025-10-08,XES,73.112342834472656
2025-10-08,XLE,43.251808166503906
2025-10-08,XOP,131.248046875
2025-10-09,BNO,29.610000610351562
2025-10-09,OIH,252.6939697265625
2025-10-09,USO,72.510002136230469
2025-10-09,XES,71.441932678222656
2025-10-09,XLE,42.663585662841797
2025-10-09,XOP,128.38630676269531
2025-10-10,BNO,28.489999771118164
2025-10-10,OIH,238.31358337402344
2025-10-10,USO,69.389999389648438
2025-10-10,XES,67.270858764648438
2025-10-10,XLE,41.428787231445312
2025-10-10,XOP,121.48677062988281
2025-10-13,BNO,28.870000839233398
2025-10-13,OIH,245.30229187011719
2025-10-13,USO,70.279998779296875
2025-10-13,XES,69.702339172363281
2025-10-13,XLE,41.992706298828125
2025-10-13,XOP,124.67192077636719
2025-10-14,BNO,28.25
2025-10-14,OIH,244.56507873535156
2025-10-14,USO,69
2025-10-14,XES,69.534309387207031
2025-10-14,XLE,41.987846374511719
2025-10-14,XOP,123.62328338623047
2025-10-15,BNO,28.25
2025-10-15,OIH,247.49423217773438
2025-10-15,USO,68.989997863769531
2025-10-15,XES,70.908195495605469
2025-10-15,XLE,41.963539123535156
2025-10-15,XOP,123.41746520996094
2025-10-16,BNO,27.780000686645508
2025-10-16,OIH,245.38092041015625
2025-10-16,USO,67.80999755859375
2025-10-16,XES,69.830833435058594
2025-10-16,XLE,41.457954406738281
2025-10-16,XOP,120.83013153076172
2025-10-17,BNO,27.870000839233398
2025-10-17,OIH,247.26815795898438
2025-10-17,USO,67.980003356933594
2025-10-17,XES,70.908195495605469
2025-10-17,XLE,41.798255920410156
2025-10-17,XOP,121.10455322265625
2025-10-20,BNO,27.75
2025-10-20,OIH,252.45808410644531
2025-10-20,USO,67.830001831054688
2025-10-20,XES,72.321617126464844
2025-10-20,XLE,42.240634918212891
2025-10-20,XOP,122.7706298828125
2025-10-21,BNO,27.930000305175781
2025-10-21,OIH,255.24961853027344
2025-10-21,USO,68.269996643066406
2025-10-21,XES,72.983840942382812
2025-10-21,XLE,42.143413543701172
2025-10-21,XOP,121.85919189453125
2025-10-22,BNO,28.799999237060547
2025-10-22,OIH,260.83270263671875
2025-10-22,USO,70.629997253417969
2025-10-22,XES,73.725143432617188
2025-10-22,XLE,42.683029174804688
2025-10-22,XOP,122.40802001953125
2025-10-23,BNO,29.729999542236328
2025-10-23,OIH,274.308837890625
2025-10-23,USO,73.290000915527344
2025-10-23,XES,78.084014892578125
2025-10-23,XLE,43.251808166503906
2025-10-23,XOP,127.07304382324219
2025-10-24,BNO,29.790000915527344
2025-10-24,OIH,272.22500610351562
2025-10-24,USO,73.180000305175781
2025-10-24,XES,77.836921691894531
2025-10-24,XLE,42.814281463623047
2025-10-24,XOP,125.89698791503906
2025-10-27,BNO,29.700000762939453
2025-10-27,OIH,272.49038696289062
2025-10-27,USO,73.120002746582031
2025-10-27,XES,77.757843017578125
2025-10-27,XLE,42.916374206542969
2025-10-27,XOP,125.78919219970703
2025-10-28,BNO,29.079999923706055
2025-10-28,OIH,273.21774291992188
2025-10-28,USO,71.389999389648438
2025-10-28,XES,77.777610778808594
2025-10-28,XLE,42.469123840332031
2025-10-28,XOP,123.3194580078125
2025-10-29,BNO,29.340000152587891
2025-10-29,OIH,281.4056396484375
2025-10-29,USO,71.800003051757812
2025-10-29,XES,80.377113342285156
2025-10-29,XLE,42.785118103027344
2025-10-29,XOP,123.83889007568359
2025-10-30,BNO,29.25
2025-10-30,OIH,281.6710205078125
2025-10-30,USO,71.709999084472656
2025-10-30,XES,80.792251586914062
2025-10-30,XLE,42.532325744628906
2025-10-30,XOP,123.34886169433594
2025-10-31,BNO,29.569999694824219
2025-10-31,OIH,278.85000610351562
2025-10-31,USO,72.55999755859375
2025-10-31,XES,79.922454833984375
2025-10-31,XLE,42.843452453613281
2025-10-31,XOP,124.28971099853516
2025-11-03,BNO,29.670000076293945
2025-11-03,OIH,285.05233764648438
2025-11-03,USO,72.739997863769531
2025-11-03,XES,81.632392883300781
2025-11-03,XLE,42.848308563232422
2025-11-03,XOP,125.11295318603516
2025-11-04,BNO,29.379999160766602
2025-11-04,OIH,276.77597045898438
2025-11-04,USO,71.930000305175781
2025-11-04,XES,79.072425842285156
2025-11-04,XLE,42.386482238769531
2025-11-04,XOP,123.41746520996094
2025-11-05,BNO,29.030000686645508
2025-11-05,OIH,278.65341186523438
2025-11-05,USO,71.029998779296875
2025-11-05,XES,79.260223388671875
2025-11-05,XLE,42.498291015625
2025-11-05,XOP,122.25121307373047
2025-11-06,BNO,29.020000457763672
2025-11-06,OIH,278.69271850585938
2025-11-06,USO,70.879997253417969
2025-11-06,XES,78.934043884277344
2025-11-06,XLE,42.911510467529297
2025-11-06,XOP,124.30930328369141
2025-11-07,BNO,29.120000839233398
2025-11-07,OIH,280.52099609375
2025-11-07,USO,71.260002136230469
2025-11-07,XES,79.03289794921875
2025-11-07,XLE,43.528911590576172
2025-11-07,XOP,126.89664459228516
2025-11-10,BNO,29.319999694824219
2025-11-10,OIH,284.73779296875
2025-11-10,USO,71.680000305175781
2025-11-10,XES,80.298042297363281
2025-11-10,XLE,43.922679901123047
2025-11-10,XOP,128.78813171386719
2025-11-11,BNO,29.75
2025-11-11,OIH,289.4559326171875
2025-11-11,USO,72.720001220703125
2025-11-11,XES,81.622520446777344
2025-11-11,XLE,44.496326446533203
2025-11-11,XOP,131.45387268066406
2025-11-12,BNO,28.670000076293945
2025-11-12,OIH,279.4495849609375
2025-11-12,USO,69.790000915527344
2025-11-12,XES,78.548568725585938
2025-11-12,XLE,43.874065399169922
2025-11-12,XOP,129.41535949707031
2025-11-13,BNO,28.780000686645508
2025-11-13,OIH,277.70977783203125
2025-11-13,USO,69.849998474121094
2025-11-13,XES,77.500862121582031
2025-11-13,XLE,43.985881805419922
2025-11-13,XOP,129.2879638671875
2025-11-14,BNO,29.399999618530273
2025-11-14,OIH,282.39840698242188
2025-11-14,USO,71.379997253417969
2025-11-14,XES,78.884620666503906
2025-11-14,XLE,44.734527587890625
2025-11-14,XOP,131.33624267578125
2025-11-17,BNO,29.329999923706055
2025-11-17,OIH,276.72683715820312
2025-11-17,USO,71.300003051757812
2025-11-17,XES,77.599700927734375
2025-11-17,XLE,43.917812347412109
2025-11-17,XOP,128.81753540039062
2025-11-18,BNO,29.719999313354492
2025-11-18,OIH,278.41751098632812
2025-11-18,USO,72.5
2025-11-18,XES,78.1729736328125
2025-11-18,XLE,44.267837524414062
2025-11-18,XOP,130.82664489746094
2025-11-19,BNO,29.069999694824219
2025-11-19,OIH,277.74911499023438
2025-11-19,USO,70.879997253417969
2025-11-19,XES,77.985176086425781
2025-11-19,XLE,43.694194793701172
2025-11-19,XOP,129.24876403808594
2025-11-20,BNO,28.840000152587891
2025-11-20,OIH,269.72833251953125
2025-11-20,USO,70.150001525878906
2025-11-20,XES,75.405441284179688
2025-11-20,XLE,43.198337554931641
2025-11-20,XOP,125.9949951171875
2025-11-21,BNO,28.520000457763672
2025-11-21,OIH,276.25503540039062
2025-11-21,USO,69.300003051757812
2025-11-21,XES,76.917694091796875
2025-11-21,XLE,43.470573425292969
2025-11-21,XOP,127.15145874023438
2025-11-24,BNO,28.979999542236328
2025-11-24,OIH,277.78842163085938
2025-11-24,USO,70.419998168945312
2025-11-24,XES,77.817153930664062
2025-11-24,XLE,43.349037170410156
2025-11-24,XOP,128.21971130371094
2025-11-25,BNO,28.520000457763672
2025-11-25,OIH,280.19662475585938
2025-11-25,USO,69.25
2025-11-25,XES,78.805557250976562
2025-11-25,XLE,43.076797485351562
2025-11-25,XOP,127.62188720703125
2025-11-26,BNO,28.819999694824219
2025-11-26,OIH,280.97314453125
2025-11-26,USO,70.040000915527344
2025-11-26,XES,79.092185974121094
2025-11-26,XLE,43.402511596679688
2025-11-26,XOP,129.052734375
2025-11-28,BNO,29.170000076293945
2025-11-28,OIH,284.66897583007812
2025-11-28,USO,71.069999694824219
2025-11-28,XES,80.238739013671875
2025-11-28,XLE,43.971290588378906
2025-11-28,XOP,131.3460693359375
2025-12-01,BNO,29.190000534057617
2025-12-01,OIH,288.01101684570312
2025-12-01,USO,71.05999755859375
2025-12-01,XES,81.187614440917969
2025-12-01,XLE,44.394233703613281
2025-12-01,XOP,132.38490295410156
2025-12-02,BNO,28.829999923706055
2025-12-02,OIH,287.15585327148438
2025-12-02,USO,70.199996948242188
2025-12-02,XES,81.355628967285156
2025-12-02,XLE,43.820590972900391
2025-12-02,XOP,130.39541625976562
2025-12-03,BNO,29
2025-12-03,OIH,299.72763061523438
2025-12-03,USO,70.660003662109375
2025-12-03,XES,85.30926513671875
2025-12-03,XLE,44.642166137695312
2025-12-03,XOP,133.75697326660156
2025-12-04,BNO,29.209999084472656
2025-12-04,OIH,302.09649658203125
2025-12-04,USO,71.389999389648438
2025-12-04,XES,86.179061889648438
2025-12-04,XLE,44.831760406494141
2025-12-04,XOP,133.75697326660156
2025-12-05,BNO,29.430000305175781
2025-12-05,OIH,300.96612548828125
2025-12-05,USO,71.919998168945312
2025-12-05,XES,85.665084838867188
2025-12-05,XLE,44.647029876708984
2025-12-05,XOP,133.96278381347656
2025-12-08,BNO,28.840000152587891
2025-12-08,OIH,296.85745239257812
2025-12-08,USO,70.489997863769531
2025-12-08,XES,84.488883972167969
2025-12-08,XLE,44.160884857177734
2025-12-08,XOP,131.45387268066406
2025-12-09,BNO,28.639999389648438
2025-12-09,OIH,299.51138305664062
2025-12-09,USO,69.860000610351562
2025-12-09,XES,85.843002319335938
2025-12-09,XLE,44.433124542236328
2025-12-09,XOP,131.865478515625
2025-12-10,BNO,28.930000305175781
2025-12-10,OIH,302.873046875
2025-12-10,USO,70.540000915527344
2025-12-10,XES,86.693031311035156
2025-12-10,XLE,44.899822235107422
2025-12-10,XOP,132.52210998535156
2025-12-11,BNO,28.399999618530273
2025-12-11,OIH,303.39398193359375
2025-12-11,USO,69.25
2025-12-11,XES,86.732559204101562
2025-12-11,XLE,44.685916900634766
2025-12-11,XOP,130.356201171875
2025-12-12,BNO,28.25
2025-12-12,OIH,294.49838256835938
2025-12-12,USO,68.80999755859375
2025-12-12,XES,83.628974914550781
2025-12-12,XLE,44.248390197753906
2025-12-12,XOP,129.10173034667969
2025-12-15,BNO,27.899999618530273
2025-12-15,OIH,291.64785766601562
2025-12-15,USO,67.889999389648438
2025-12-15,XES,82.917327880859375
2025-12-15,XLE,43.937263488769531
2025-12-15,XOP,127.28865814208984
2025-12-16,BNO,27.200000762939453
2025-12-16,OIH,278.9188232421875
2025-12-16,USO,66.169998168945312
2025-12-16,XES,78.835212707519531
2025-12-16,XLE,42.59552001953125
2025-12-16,XOP,122.46681976318359
2025-12-17,BNO,27.909999847412109
2025-12-17,OIH,281.92660522460938
2025-12-17,USO,67.980003356933594
2025-12-17,XES,79.1910400390625
2025-12-17,XLE,43.538627624511719
2025-12-17,XOP,125.34816741943359
2025-12-18,BNO,27.579999923706055
2025-12-18,OIH,277.74911499023438
2025-12-18,USO,67.19000244140625
2025-12-18,XES,78.439849853515625
2025-12-18,XLE,42.906650543212891
2025-12-18,XOP,122.59422302246094
2025-12-19,BNO,27.930000305175781
2025-12-19,OIH,280.52099609375
2025-12-19,USO,68.029998779296875
2025-12-19,XES,79.517204284667969
2025-12-19,XLE,42.906650543212891
2025-12-19,XOP,123.05485534667969
2025-12-22,BNO,28.600000381469727
2025-12-22,OIH,284.45999145507812
2025-12-22,USO,69.730003356933594
2025-12-22,XES,80.844779968261719
2025-12-22,XLE,43.350841522216797
2025-12-22,XOP,123.64716339111328
2025-12-23,BNO,28.780000686645508
2025-12-23,OIH,283.739990234375
2025-12-23,USO,70.300003051757812
2025-12-23,XES,80.874542236328125
2025-12-23,XLE,43.635211944580078
2025-12-23,XOP,124.86143493652344
2025-12-24,BNO,28.709999084472656
2025-12-24,OIH,282.83999633789062
2025-12-24,USO,70.199996948242188
2025-12-24,XES,80.606643676757812
2025-12-24,XLE,43.507740020751953
2025-12-24,XOP,124.30860137939453
2025-12-26,BNO,28.090000152587891
2025-12-26,OIH,281.51998901367188
2025-12-26,USO,68.480003356933594
2025-12-26,XES,80.120468139648438
2025-12-26,XLE,43.341041564941406
2025-12-26,XOP,123.36087799072266
2025-12-29,BNO,28.469999313354492
2025-12-29,OIH,282.8800048828125
2025-12-29,USO,69.610000610351562
2025-12-29,XES,80.626495361328125
2025-12-29,XLE,43.752876281738281
2025-12-29,XOP,124.84169006347656
2025-12-30,BNO,28.520000457763672
2025-12-30,OIH,286.8900146484375
2025-12-30,USO,69.739997863769531
2025-12-30,XES,81.797286987304688
2025-12-30,XLE,44.086273193359375
2025-12-30,XOP,125.79926300048828
2025-12-31,BNO,28.319999694824219
2025-12-31,OIH,284.76998901367188
2025-12-31,USO,69.160003662109375
2025-12-31,XES,81.330955505371094
2025-12-31,XLE,43.841129302978516
2025-12-31,XOP,124.64424133300781
